codigo_act,Número de establecimientos,SCIAN6,Sector SCIAN
461110,3759,461110,46
812110,2336,812110,81
463211,1501,463211,46
722514,1390,722514,72
311830,1182,311830,31
621211,1170,621211,62
722513,1073,722513,72
465311,951,465311,46
461130,850,461130,46
811111,795,811111,81
327111,734,327111,32
722518,715,722518,72
722515,713,722515,72
722517,682,722517,72
621113,568,621113,62
467111,566,467111,46
522110,564,522110,52
467115,541,467115,46
722511,540,722511,72
332320,536,332320,33
311812,533,311812,31
722519,528,722519,72
464111,524,464111,46
461121,482,461121,46
813210,441,813210,81
461122,433,461122,46
621111,408,621111,62
461160,404,461160,46
466410,401,466410,46
468211,398,468211,46
463310,380,463310,46
811121,377,811121,81
531113,377,531113,53
812210,366,812210,81
541110,362,541110,54
466212,341,466212,46
811499,315,811499,81
462112,311,462112,46
561432,295,561432,56
465111,291,465111,46
561510,290,561510,56
321910,289,321910,32
466312,267,466312,46
465912,264,465912,46
713943,261,713943,71
722412,258,722412,72
461190,253,461190,46
611122,249,611122,61
541211,247,541211,54
431130,233,431130,43
465215,222,465215,46
461212,220,461212,46
463215,220,463215,46
464113,219,464113,46
811192,217,811192,81
811219,215,811219,81
811191,214,811191,81
621511,201,621511,62
467114,199,467114,46
323119,196,323119,32
811112,194,811112,81
461150,192,461150,46
461170,189,461170,46
812410,185,812410,81
467113,184,467113,46
611112,180,611112,61
722512,174,722512,72
466111,172,466111,46
465915,161,465915,46
931610,161,931610,93
541941,159,541941,54
464121,159,464121,46
931210,158,931210,93
624191,155,624191,62
337120,152,337120,33
434211,151,434211,43
465112,148,465112,46
461140,147,461140,46
713120,135,713120,71
811491,135,811491,81
463213,134,463213,46
621331,129,621331,62
311520,125,311520,31
811119,125,811119,81
611621,122,611621,61
813230,115,813230,81
464112,115,464112,46
621398,113,621398,62
463113,113,463113,46
811410,112,811410,81
811211,110,811211,81
561431,109,561431,56
811430,108,811430,81
463216,108,463216,46
465914,107,465914,46
722516,107,722516,72
611111,106,611111,61
463214,104,463214,46
811420,104,811420,81
465212,103,465212,46
811492,99,811492,81
611171,94,611171,61
541920,93,541920,54
468420,89,468420,46
811312,89,811312,81
624411,89,624411,62
461123,88,461123,46
931410,87,931410,93
466211,86,466211,46
465919,85,465919,46
315225,84,315225,31
465911,82,465911,46
466112,82,466112,46
468411,82,468411,46
236111,81,236111,23
531210,79,531210,53
611611,78,611611,61
466114,78,466114,46
522452,77,522452,52
465313,75,465313,46
236221,74,236221,23
434225,73,434225,43
811199,72,811199,81
434112,72,434112,43
468112,72,468112,46
434224,72,434224,43
435313,71,435313,43
434311,71,434311,43
721111,70,721111,72
812990,69,812990,81
621391,67,621391,62
327121,67,327121,32
532282,66,532282,53
312112,66,312112,31
467112,65,467112,46
466319,64,466319,46
463212,64,463212,46
461213,62,461213,46
315223,62,315223,31
522460,61,522460,52
811493,60,811493,81
813120,60,813120,81
468213,60,468213,46
611311,60,611311,61
435419,58,435419,43
492110,58,492110,49
434221,58,434221,43
621320,58,621320,62
611312,58,611312,61
468212,56,468212,46
462111,56,462111,46
721112,55,721112,72
485111,55,485111,48
327991,54,327991,32
811129,53,811129,81
621341,53,621341,62
541810,53,541810,54
517311,53,517311,51
461211,53,461211,46
339999,53,339999,33
541430,52,541430,54
541610,51,541610,54
541120,49,541120,54
465211,49,465211,46
524210,47,524210,52
431110,46,431110,43
811114,46,811114,81
811116,46,811116,81
621115,44,621115,62
468311,44,468311,46
811115,43,811115,81
611511,42,611511,61
541310,42,541310,54
332710,42,332710,33
813110,42,813110,81
931310,41,931310,93
468111,41,468111,46
522320,41,522320,52
517910,40,517910,51
812130,40,812130,81
337110,40,337110,33
611691,39,611691,61
466311,39,466311,46
611161,39,611161,61
463112,39,463112,46
532411,38,532411,53
611172,38,611172,61
221312,38,221312,22
311910,37,311910,31
611121,37,611121,61
611132,36,611132,61
332310,36,332310,33
435319,35,435319,43
485210,35,485210,48
315229,35,315229,31
327330,35,327330,32
465913,35,465913,46
721113,34,721113,72
541890,34,541890,54
713991,34,713991,71
611698,32,611698,61
465312,32,465312,46
311340,31,311340,31
463111,31,463111,46
523122,31,523122,52
311813,31,311813,31
434223,30,434223,43
431150,30,431150,43
611631,30,611631,61
561110,30,561110,56
237212,30,237212,23
812310,29,812310,81
541190,29,541190,54
237312,29,237312,23
561610,29,561610,56
314991,28,314991,31
463217,28,463217,46
623992,28,623992,62
531311,27,531311,53
484129,27,484129,48
434111,26,434111,43
339111,26,339111,33
622111,25,622111,62
435110,25,435110,43
436112,25,436112,43
541330,25,541330,54
462210,25,462210,46
517312,25,517312,51
465216,25,465216,46
624412,25,624412,62
434314,24,434314,43
811113,24,811113,81
611162,23,611162,61
465213,23,465213,46
463218,23,463218,46
433110,23,433110,43
541510,23,541510,54
611142,23,611142,61
468419,22,468419,46
531319,22,531319,53
811122,21,811122,81
322299,21,322299,32
431160,21,431160,43
464122,21,464122,46
532310,21,532310,53
621311,20,621311,62
431211,20,431211,43
315192,20,315192,31
532281,20,532281,53
434219,20,434219,43
433410,20,433410,43
524110,20,524110,52
468412,20,468412,46
337210,20,337210,33
611512,20,611512,61
434222,19,434222,43
931510,18,931510,93
561330,18,561330,56
713291,18,713291,71
711311,18,711311,71
713944,18,713944,71
112512,18,112512,11
434226,17,434226,43
434312,17,434312,43
315224,17,315224,31
435411,17,435411,43
722411,17,722411,72
339913,17,339913,33
722320,16,722320,72
435312,16,435312,43
811314,16,811314,81
621421,16,621421,62
561620,16,561620,56
621116,16,621116,62
431180,16,431180,43
621112,16,621112,62
434228,16,434228,43
711312,15,711312,71
541690,15,541690,54
721311,15,721311,72
238290,15,238290,23
713998,15,713998,71
326110,15,326110,32
238190,15,238190,23
522490,14,522490,52
431121,14,431121,43
339950,14,339950,33
531114,14,531114,53
622112,14,622112,62
435311,14,435311,43
519122,13,519122,51
435220,13,435220,43
238210,13,238210,23
467117,13,467117,46
435412,13,435412,43
623991,13,623991,62
611131,13,611131,61
325610,13,325610,32
321992,13,321992,32
515110,12,515110,51
311423,12,311423,31
469110,12,469110,46
236112,12,236112,23
432120,12,432120,43
623221,12,623221,62
314120,12,314120,31
434240,12,434240,43
435210,12,435210,43
512130,12,512130,51
315999,12,315999,31
461220,12,461220,46
332610,12,332610,33
237111,11,237111,23
623311,11,623311,62
433210,11,433210,43
624212,11,624212,62
712112,11,712112,71
624111,11,624111,62
624112,11,624112,62
611182,11,611182,61
624199,11,624199,62
532493,11,532493,53
221123,11,221123,22
311513,10,311513,31
431140,10,431140,43
434229,10,434229,43
314911,10,314911,31
431199,10,431199,43
433220,10,433220,43
321920,10,321920,32
323111,10,323111,32
532492,10,532492,53
327420,10,327420,32
485510,10,485510,48
522390,10,522390,52
524220,10,524220,52
221111,10,221111,22
811311,9,811311,81
713992,9,713992,71
532110,9,532110,53
491110,9,491110,49
488519,9,488519,48
336210,9,336210,33
332999,9,332999,33
337920,9,337920,33
541340,9,541340,54
813130,9,813130,81
339912,9,339912,33
561440,9,561440,56
212321,9,212321,21
622311,9,622311,62
466314,8,466314,46
434227,8,434227,43
325412,8,325412,32
327399,8,327399,32
561710,8,561710,56
236211,8,236211,23
522451,8,522451,52
541380,8,541380,54
722310,8,722310,72
325620,8,325620,32
541620,8,541620,54
487110,7,487110,48
311820,7,311820,31
488410,7,488410,48
611181,7,611181,61
561990,7,561990,56
325190,7,325190,32
532289,7,532289,53
431192,7,431192,43
522220,7,522220,52
433510,7,433510,43
511112,7,511112,51
721190,7,721190,72
931110,7,931110,93
339113,7,339113,33
238390,7,238390,23
339940,7,339940,33
339930,7,339930,33
431122,7,431122,43
541850,7,541850,54
515120,6,515120,51
541410,6,541410,54
522440,6,522440,52
434319,6,434319,43
237131,6,237131,23
323120,6,323120,32
611421,6,611421,61
611211,6,611211,61
561720,6,561720,56
434230,6,434230,43
621910,6,621910,62
326193,6,326193,32
531112,6,531112,53
484229,6,484229,48
327219,6,327219,32
811313,6,811313,81
326191,6,326191,32
311350,6,311350,31
325993,6,325993,32
484210,6,484210,48
238910,6,238910,23
431191,6,431191,43
713941,6,713941,71
311611,5,311611,31
311214,5,311214,31
436111,5,436111,43
561310,5,561310,56
812910,5,812910,81
339914,5,339914,33
339994,5,339994,33
561520,5,561520,56
316999,5,316999,31
611612,5,611612,61
519121,5,519121,51
611151,5,611151,61
311993,5,311993,31
325510,5,325510,32
431213,5,431213,43
431170,5,431170,43
467116,5,467116,46
484221,5,484221,48
237112,5,237112,23
812322,5,812322,81
238130,5,238130,23
484239,5,484239,48
621491,5,621491,62
621342,5,621342,62
326194,5,326194,32
433313,5,433313,43
711510,5,711510,71
522210,5,522210,52
624198,5,624198,62
713111,5,713111,71
713112,5,713112,71
484119,4,484119,48
468413,4,468413,46
238122,4,238122,23
551111,4,551111,55
561421,4,561421,56
711131,4,711131,71
431212,4,431212,43
326212,4,326212,32
812120,4,812120,81
484222,4,484222,48
311422,4,311422,31
326140,4,326140,32
238221,4,238221,23
931810,4,931810,93
313210,4,313210,31
611431,4,611431,61
312111,4,312111,31
325211,4,325211,32
561320,4,561320,56
541711,4,541711,54
466313,4,466313,46
432130,4,432130,43
623111,4,623111,62
312113,4,312113,31
488990,4,488990,48
624312,4,624312,62
327320,4,327320,32
326199,4,326199,32
621332,4,621332,62
541370,4,541370,54
316991,4,316991,31
312120,4,312120,31
431123,3,431123,43
713950,3,713950,71
311222,3,311222,31
485990,3,485990,48
311613,3,311613,31
621411,3,621411,62
314912,3,314912,31
433312,3,433312,43
623211,3,623211,62
433420,3,433420,43
624121,3,624121,62
519110,3,519110,51
431193,3,431193,43
713113,3,713113,71
624122,3,624122,62
711121,3,711121,71
711212,3,711212,71
712132,3,712132,71
512112,3,512112,51
432111,3,432111,43
465214,3,465214,46
531115,3,531115,53
561920,3,561920,56
541219,3,541219,54
322210,3,322210,32
335220,3,335220,33
561790,3,561790,56
541350,3,541350,54
316211,3,316211,31
314992,3,314992,31
221311,3,221311,22
236113,3,236113,23
237132,3,237132,23
238222,3,238222,23
339993,3,339993,33
339920,2,339920,33
238320,2,238320,23
238330,2,238330,23
212322,2,212322,21
813140,2,813140,81
541910,2,541910,54
541990,2,541990,54
561450,2,561450,56
561422,2,561422,56
561210,2,561210,56
115111,2,115111,11
541860,2,541860,54
541943,2,541943,54
541942,2,541942,54
562121,2,562121,56
331220,2,331220,33
611411,2,611411,61
541490,2,541490,54
331510,2,331510,33
562998,2,562998,56
562911,2,562911,56
562221,2,562221,56
541712,2,541712,54
721312,2,721312,72
311922,2,311922,31
485320,2,485320,48
481111,2,481111,48
511210,2,511210,51
511132,2,511132,51
511131,2,511131,51
712131,2,712131,71
712111,2,712111,71
325310,2,325310,32
624211,2,624211,62
711111,2,711111,71
511121,2,511121,51
493119,2,493119,49
713299,2,713299,71
713942,2,713942,71
432113,2,432113,43
431220,2,431220,43
327215,2,327215,32
327310,2,327310,32
621610,2,621610,62
621512,2,621512,62
434313,2,434313,43
332420,2,332420,33
326198,2,326198,32
524130,2,524130,52
332110,2,332110,33
332211,2,332211,33
622211,2,622211,62
523110,2,523110,52
512113,2,512113,51
322122,2,322122,32
437113,2,437113,43
321993,2,321993,32
621212,2,621212,62
611632,2,611632,61
325999,2,325999,32
481210,2,481210,48
326120,2,326120,32
311213,2,311213,31
721210,2,721210,72
484121,2,484121,48
484231,2,484231,48
311421,2,311421,31
326192,2,326192,32
114119,2,114119,11
432119,2,432119,43
331210,1,331210,33
333993,1,333993,33
333999,1,333999,33
327999,1,327999,32
314993,1,314993,31
316212,1,316212,31
333249,1,333249,33
333319,1,333319,33
333411,1,333411,33
316213,1,316213,31
333245,1,333245,33
333241,1,333241,33
237311,1,237311,23
212311,1,212311,21
561740,1,561740,56
561590,1,561590,56
115310,1,115310,11
541870,1,541870,54
541840,1,541840,54
541830,1,541830,54
541820,1,541820,54
236212,1,236212,23
238311,1,238311,23
238350,1,238350,23
931710,1,931710,93
331310,1,331310,33
331419,1,331419,33
316219,1,316219,31
331520,1,331520,33
562111,1,562111,56
611152,1,611152,61
333111,1,333111,33
333120,1,333120,33
332510,1,332510,33
339112,1,339112,33
314999,1,314999,31
321991,1,321991,32
336610,1,336610,33
336999,1,336999,33
611622,1,611622,61
336370,1,336370,33
335312,1,335312,33
532420,1,532420,53
333610,1,333610,33
333510,1,333510,33
311999,1,311999,31
312142,1,312142,31
621114,1,621114,62
311930,1,311930,31
611699,1,611699,61
312149,1,312149,31
333412,1,333412,33
532491,1,532491,53
518210,1,518210,51
519130,1,519130,51
621992,1,621992,62
621991,1,621991,62
622212,1,622212,62
433430,1,433430,43
623312,1,623312,62
622312,1,622312,62
531111,1,531111,53
523121,1,523121,52
621392,1,621392,62
621312,1,621312,62
326211,1,326211,32
313310,1,313310,31
332410,1,332410,33
332212,1,332212,33
321112,1,321112,32
531119,1,531119,53
532121,1,532121,53
621492,1,621492,62
532122,1,532122,53
335311,1,335311,33
335910,1,335910,33
336310,1,336310,33
437112,1,437112,43
335120,1,335120,33
313113,1,313113,31
313111,1,313111,31
324120,1,324120,32
532210,1,532210,53
322291,1,322291,32
466113,1,466113,46
485410,1,485410,48
488190,1,488190,48
488491,1,488491,48
488492,1,488492,48
488493,1,488493,48
511111,1,511111,51
326220,1,326220,32
431194,1,431194,43
327391,1,327391,32
711112,1,711112,71
511192,1,511192,51
711410,1,711410,71
624221,1,624221,62
624222,1,624222,62
325520,1,325520,32
311612,1,311612,31
468414,1,468414,46
482110,1,482110,48
484232,1,484232,48
311411,1,311411,31
311511,1,311511,31
326130,1,326130,32
325991,1,325991,32
326160,1,326160,32
237999,1,237999,23
237993,1,237993,23
237122,1,237122,23
812321,1,812321,81
811123,1,811123,81
311311,1,311311,31
311212,1,311212,31
311110,1,311110,31
