SCIAN_2007,Actividad_2007,SCIAN_2013,Actividad_2013,Tipo_correspondencia
722110,Restaurantes con servicio completo,722511,Restaurantes con servicio de preparación de alimentos a la carta o de comida corrida,p 1/5
722110,Restaurantes con servicio completo,722512,Restaurantes con servicio de preparación de pescados y mariscos,p 2/5
722110,Restaurantes con servicio completo,722513,Restaurantes con servicio de preparación de antojitos,p 3/5
722110,Restaurantes con servicio completo,722514,Restaurantes con servicio de preparación de tacos y tortas,p 4/5
722110,Restaurantes con servicio completo,722515,"Cafeterías, fuentes de sodas, neverías, refresquerías y similares",p 5/5
722219,Otros restaurantes con servicio limitado,722511,Restaurantes con servicio de preparación de alimentos a la carta o de comida corrida,p 1/6
722219,Otros restaurantes con servicio limitado,722512,Restaurantes con servicio de preparación de pescados y mariscos,p 2/6
722219,Otros restaurantes con servicio limitado,722513,Restaurantes con servicio de preparación de antojitos,p 3/6
722219,Otros restaurantes con servicio limitado,722514,Restaurantes con servicio de preparación de tacos y tortas,p 4/6
722219,Otros restaurantes con servicio limitado,722515,"Cafeterías, fuentes de sodas, neverías, refresquerías y similares",p 5/6
722219,Otros restaurantes con servicio limitado,722519,Servicios de preparación de otros alimentos para consumo inmediato,p 6/6
722211,Restaurantes de autoservicio,722516,Restaurantes de autoservicio,Directa
722212,Restaurantes de comida para llevar,722517,"Restaurantes con servicio de preparación de pizzas, hamburguesas, hot dogs y pollos rostizados para llevar",p 1/2
722212,Restaurantes de comida para llevar,722518,Restaurantes que preparan otro tipo de alimentos para llevar,p 2/2
