ruta,bytes,sha256
.gitignore,117,4f71ce7de532e0960e0df558d82533543a0a82b16cc956a776c3332c30972df6
01_ANALISIS_REPRODUCIBLE_DENUE_MORELIA.html,537792,b9ad946bad4327fd264f1bb2351e8e905e2f13df6aa4dc23ff3f71cc15f46f29
01_ANALISIS_REPRODUCIBLE_DENUE_MORELIA.ipynb,210666,77d9d32262623e7da065ac29c0abf87f4ce3524a95c1b5f622b6ca2cd6d3b4b8
02_BITACORA_ORIGINAL_DENUE.html,4422392,4bd3724794bc78a17266bb14b451abd3887361cfbeadaed5e39cda87bf977226
02_BITACORA_ORIGINAL_DENUE.ipynb,2952882,4db7f7e4dd7207c90f3d1e100b9c86d518d3d717e5c7712ed7a4ae9480e92e0b
02_CONTEOS_SCIAN/CONTEO_SCIAN_2010_MORELIA.csv,42750,9974624307ca49d9e7988a7d66d47189e314b2e66d00b40051fd512e11e58c39
02_CONTEOS_SCIAN/CONTEO_SCIAN_2011_MORELIA.csv,44169,172325b0ed71e8cc806dfbd328c513a3d5fd1fbba85e487bf14644d719d95e68
02_CONTEOS_SCIAN/CONTEO_SCIAN_2012_MORELIA.csv,9248,4feff0ea8770da19887c1568b6002562c484e257de15b951dfbff1d5d297b8de
02_CONTEOS_SCIAN/CONTEO_SCIAN_2013_MORELIA.csv,9360,eef22051fab26dc8c26e48d149fa1f5cdbc4fd14a5bb584fc04f0643de2fee8f
02_CONTEOS_SCIAN/CONTEO_SCIAN_2015_MORELIA.csv,9044,2194191799a87f69151ab140ab6e6e620e807429a3a4393622c94f422250843a
02_CONTEOS_SCIAN/CONTEO_SCIAN_2016_MORELIA.csv,13924,de0ba147cc6124a0b7ae7a29e347724989ceb7956763c5ca1f9317f3c356b9ba
02_CONTEOS_SCIAN/CONTEO_SCIAN_2017_MORELIA.csv,13925,c05a874525188458765369cbfcf78ccf02f41c2137756dc2d7ee41d568fb3fde
02_CONTEOS_SCIAN/CONTEO_SCIAN_2018_MORELIA.csv,13904,16806bca2b49371bc740d44329a5f7eb293c7c7cb16374a1295cf9ee6d9df892
02_CONTEOS_SCIAN/CONTEO_SCIAN_2019_MORELIA.csv,14682,d9bb8dfce30ff617fc59014f23a0cf07d5c0b1cd8167937b6f4298e0bb3a878a
02_CONTEOS_SCIAN/CONTEO_SCIAN_2020_MORELIA.csv,14207,a7312a5c6b6474fbc4ff95cf5a22fe85e16ebb14a9719a0eeddd8d5254ceab4e
02_CONTEOS_SCIAN/CONTEO_SCIAN_2021_MORELIA.csv,14287,0024926a98582913b3f72c6ccacc0b7d23d2ae8f773071ed4ae65269f1cea777
02_CONTEOS_SCIAN/CONTEO_SCIAN_2022_MORELIA.csv,14306,9015e16591958a384391accd79219cc98f07969de5fc21a39503d096384c3089
02_CONTEOS_SCIAN/CONTEO_SCIAN_2023_MORELIA.csv,14409,06dcdc7e23ca7099a8342fdbeb7d68d1ee5435c5e37385e6b35d24fea062bf4f
02_CONTEOS_SCIAN/CONTEO_SCIAN_2024_MORELIA.csv,14707,19b62007ce3b4cd4f2e0b7c8b8b828f83d7a7d099ee8a8bbc3314f992f09d537
02_CONTEOS_SCIAN/CONTEO_SCIAN_2025_MORELIA.csv,14444,b19d08cf624bab60a0485de5e69ce8ad26fc18858bce91dd551d8afb7ffe6bd5
02_CONTEOS_SCIAN/CONTEO_SCIAN_2026_MORELIA.csv,14628,f65a99878ebed6e8361396a1017cac82bfef870ce92d51f1ed55f8ff06f11995
03_HOMOLOGACION_SCIAN/BITACORA_FINAL_FAMILIAS_COMPLEJAS.csv,2182,e37dd73db850d2890772f805ef5e4230fb784a0e33bae4c5e71192245fecb173
03_HOMOLOGACION_SCIAN/CODIGOS_UNICOS_POR_VERSION_SCIAN.csv,36758,887190e833fd94380a9934e0dc9196bbfa1e41b6e2c522c73fdce4683f1adc52
03_HOMOLOGACION_SCIAN/CONTROL_COBERTURA_FINAL_350_UNIDADES.csv,6379,d5f8dbe4df9b5f81c7531f9498f09a0e7fd2922ccac232bd39e8677b08cc8e04
03_HOMOLOGACION_SCIAN/CONTROL_FAMILIAS_LONGITUDINALES.csv,2106,fb4bd19e171f816cf8c8558e9e6c68bb3c32826c7b8663f669f4743196c36438
03_HOMOLOGACION_SCIAN/CORRESPONDENCIA_SCIAN_2013_2007_CLASIFICADA_VALIDADA.csv,15157,dfda76de84bd2e4c140701c34b6d7460a5af061c7514632ff0069fcedda29cc0
03_HOMOLOGACION_SCIAN/CORRESPONDENCIA_VALIDADA_SCIAN_2013_2018.csv,12027,8d33f17b2e83582422e89e5f7e2b722b257300780bc47b86485538709f39ec83
03_HOMOLOGACION_SCIAN/CORRESPONDENCIA_VALIDADA_SCIAN_2018_2023.csv,68673,f32a8a75cc0c90b2ff5f94792f914e6cb972c4bf6edaccf5e0bfe24104ede4e2
03_HOMOLOGACION_SCIAN/DICCIONARIO_CLASIFICATORIO_HOMOLOGADO_350_UNIDADES.csv,86148,f9c3b38a52a746307fc24f95de94978e0f28e897fb6e57d921676ce0a63f860e
03_HOMOLOGACION_SCIAN/FAMILIAS_LONGITUDINALES_COMPLEJAS_V2.csv,4990,7876a72ddff8468e2d41bd28abf8437ee3085c7f6b09c37f588e8d6566702f83
03_HOMOLOGACION_SCIAN/INVENTARIO_HISTORICO_SCIAN_COMERCIO_SERVICIOS.csv,191820,c7b077f50f052830592c214ff5610320d53a195bc777b22ec8d053064687b059
03_HOMOLOGACION_SCIAN/MAPA_VALIDADO_SCIAN_2007_2013.csv,1151,2cb8dc7711a4ef9f40ddb801956abf7ae3018c6c0b50be89795ca79a67503b0a
03_HOMOLOGACION_SCIAN/MAPA_VALIDADO_SCIAN_2013_2018.csv,1181,8c1418d0a8854773536d9964d347c2288b27060984195a9646b65e6e1d21d844
03_HOMOLOGACION_SCIAN/MAPA_VALIDADO_SCIAN_2018_2023.csv,4001,e97df03f470160f12646df04f7caa574ed9f43fc04ad5ac0be1169db406aa24d
03_HOMOLOGACION_SCIAN/SERIES_HOMOLOGADAS_G06_G07_SECTOR72.csv,889,b05072b1c74300b54ff615a59e342a8260aa77c8ab7aea26fe84d62d3b3f5f20
03_HOMOLOGACION_SCIAN/SERIE_HOMOLOGADA_ACOTADA_FAMILIA_811121_811129_811123.csv,926,df8d2b51a7f0625e0a8100d39c53dbce6cff1352a5193859438b13e947191860
03_HOMOLOGACION_SCIAN/SERIE_HOMOLOGADA_FL03_SECTOR53.csv,487,248f5dc34ad5b4c2b7e151fbfb5f7cb834ada0f8ea5bd7ca97d3ef4b50af1ded
03_HOMOLOGACION_SCIAN/SERIE_HOMOLOGADA_FL12_SECTOR51.csv,503,60accc24f9005239cabfe11dddaeeaafa27d8143b391dc251deb7c8274623702
03_HOMOLOGACION_SCIAN/TABLA_MAESTRA_HOMOLOGACION_SCIAN_2007_2023.csv,189276,e955ae933b2a0fe49d5a5ec20f3882176544c85d151f5f851eba2ffb53dad059
05_RESULTADOS/AUDITORIA_CAMBIOS_ID_812110_2018_2019.csv,1290,91aa6903400d2bf4a47a63da715d96d8041d2ee05d1ca2e39d62665675cc9fb5
05_RESULTADOS/AUDITORIA_CAMBIOS_ID_812110_2023_2024.csv,95,7cb26b2c4e899967866eb337ee78b9e4599e384cc519003d121ff47b92d1c674
05_RESULTADOS/BITACORA_EDICIONES_DENUE.csv,862,9541271d83e0df95ddc235cd994e2e0c750e2b2f57dfa96bc5d698c4165f0187
05_RESULTADOS/CONTROL_TOTALES_PANEL_HOMOLOGADO.csv,531,0e19de46b5f6bd0f6a400cf01a89708f4512819d956a4d25f6fd70568cde44aa
05_RESULTADOS/DISTRIBUCION_FECHA_ALTA_812110_EXCLUSIVOS_2019.csv,137,1431bf9e5c356d226175ea69f4a31931a4c565e884fa74e2165325200f8b20eb
05_RESULTADOS/DISTRIBUCION_FECHA_ALTA_812110_EXCLUSIVOS_2024.csv,228,e08e67f93b8587dd93303b6c5eaebb079ffebe42469e4bdd6f5d30c0f7a73f23
05_RESULTADOS/INVENTARIO_HISTORICO_HOMOLOGADO_6435_REGISTROS.csv,233185,71bd089aa7f5565e6cdb216e78a731fad8264a326d6494de7837461373b96890
05_RESULTADOS/PANEL_HISTORICO_HOMOLOGADO_350_UNIDADES_2010_2026.csv,399282,5d6fcfe876aeb26ae64e90ae087d55d14f37798bb7c5a0176e22b17f074c3985
05_RESULTADOS/RESUMEN_AUDITORIA_RUPTURAS_812110_2019_2024.csv,442,4a6349db95f3e70dce93e6a42d28a3d603f99d33b8f704c5d02ff4e719ac189b
05_RESULTADOS/RESUMEN_UNIDADES_EXPLICATIVAS_SECTORES_62_72_81.csv,1822,2216c8fb9837c3cc2f575696b665168f48fd10a0f7cf1a404c1a2812e8d5525b
05_RESULTADOS/SECTORES_EXPLICATIVOS_CAMBIOS_CLAVE_2015_2019_2021_2024.csv,5107,d50379e3d489fdab26ac842ea520b71ed461d1387543525ea3655cd005d3dd5e
05_RESULTADOS/SERIE_GENERAL_HOMOLOGADA_MORELIA_2010_2026.csv,1941,8e63caba1870ad93ad3a5895a03e90401a8851a2935307b8480668e5fd8b5717
05_RESULTADOS/SERIE_HISTORICA_COMERCIO_VS_SERVICIOS_2010_2026.csv,1866,a7fd92a1cc143196bc41d56b360d9752b3413a97a813e7c094f4c17a3fc99d15
05_RESULTADOS/TABLA_COMPARATIVA_COMERCIO_VS_SERVICIOS_2010_2026.csv,431,f06d96fc49d9252296864f7328fa269cd8b86c022d00764dbfe120ce3959d734
05_RESULTADOS/TOP3_AUMENTOS_DISMINUCIONES_SERVICIOS_CORTES_CLAVE.csv,2211,16fa0f5394ea0d00bb0a2055908a0609b1cfd117c220151334189c183a4ed155
05_RESULTADOS/TOP_UNIDADES_HOMOLOGADAS_SECTORES_72_81_62_CORTES_CLAVE.csv,5854,b0c371ed134ea55f1d113789e826ecde380c3f8e9fdd118da9e2c95200a02b88
CITATION.cff,356,b84a88897506d47ee809db39d0edb550404549c01f4f5b80b5bdb2d91cded6e0
DOCUMENTACION/DICCIONARIO_ARCHIVOS.md,1324,bbcb295d91b5a35cb1f559e682d6c57bc2d94d52e00b1fef1ac3fd4b1ab7a69f
DOCUMENTACION/DISPONIBILIDAD_DE_DATOS.md,1326,a838f8b62dbb95346274b59cbb171290a5d9316d146633627c86aa42fb4c3787
DOCUMENTACION/NOTAS_METODOLOGICAS.md,2787,a0a9862bc9a634a479a019d9d49c1e744797ac6275be0218fd5ceed81b54c29a
DOCUMENTACION/REPRODUCIBILIDAD.md,771,8add221fd9b57fbc06d4274448e74bfe2bdd250f3c00db9340fe75be68c91a31
DOCUMENTACION/RESULTADO_VALIDACION.txt,943,a93e8fd0017a10b4d6179005fd0900e570e5bdeb2ed7db9e44f1e42d777e3320
DOCUMENTACION/SUBIR_A_GITHUB_PASO_A_PASO.md,1019,c832f04ebffea9a544baa4ea9b58a5fe4cd664e97ae3f62a0bc1ce0ec0cff7ab
README.md,3987,df664983fdfea652832d3a77689d32e2cc00a84a0841eb846ab03e2467430fa6
requirements.txt,143,9ea1f0be6fa33774986f2a47eac97e50653e58d87516bcb29bbf934099f34b99
