anio,grupo_comparabilidad_scian,nombre_grupo,establecimientos
2010,F01,Restaurantes y otros servicios de preparación para consumo inmediato,1924
2010,F02,Restaurantes de autoservicio,150
2010,F03,Restaurantes y alimentos para llevar,1975
2010,F05,Servicios de preparación de alimentos para ocasiones especiales,8
2010,F07,"Centros nocturnos, discotecas y similares",20
2010,F08,"Bares, cantinas y similares",124
2011,F01,Restaurantes y otros servicios de preparación para consumo inmediato,1930
2011,F02,Restaurantes de autoservicio,150
2011,F03,Restaurantes y alimentos para llevar,1975
2011,F05,Servicios de preparación de alimentos para ocasiones especiales,8
2011,F07,"Centros nocturnos, discotecas y similares",19
2011,F08,"Bares, cantinas y similares",124
2012,F01,Restaurantes y otros servicios de preparación para consumo inmediato,1943
2012,F02,Restaurantes de autoservicio,151
2012,F03,Restaurantes y alimentos para llevar,1977
2012,F04,Servicios de comedor para empresas e instituciones,1
2012,F05,Servicios de preparación de alimentos para ocasiones especiales,9
2012,F07,"Centros nocturnos, discotecas y similares",19
2012,F08,"Bares, cantinas y similares",124
2013,F01,Restaurantes y otros servicios de preparación para consumo inmediato,1962
2013,F02,Restaurantes de autoservicio,148
2013,F03,Restaurantes y alimentos para llevar,1971
2013,F04,Servicios de comedor para empresas e instituciones,1
2013,F05,Servicios de preparación de alimentos para ocasiones especiales,10
2013,F07,"Centros nocturnos, discotecas y similares",19
2013,F08,"Bares, cantinas y similares",128
2015,F01,Restaurantes y otros servicios de preparación para consumo inmediato,3945
2015,F02,Restaurantes de autoservicio,53
2015,F03,Restaurantes y alimentos para llevar,1120
2015,F04,Servicios de comedor para empresas e instituciones,1
2015,F05,Servicios de preparación de alimentos para ocasiones especiales,16
2015,F07,"Centros nocturnos, discotecas y similares",12
2015,F08,"Bares, cantinas y similares",229
2016,F01,Restaurantes y otros servicios de preparación para consumo inmediato,3972
2016,F02,Restaurantes de autoservicio,57
2016,F03,Restaurantes y alimentos para llevar,1122
2016,F04,Servicios de comedor para empresas e instituciones,1
2016,F05,Servicios de preparación de alimentos para ocasiones especiales,16
2016,F07,"Centros nocturnos, discotecas y similares",12
2016,F08,"Bares, cantinas y similares",233
2017,F01,Restaurantes y otros servicios de preparación para consumo inmediato,3977
2017,F02,Restaurantes de autoservicio,60
2017,F03,Restaurantes y alimentos para llevar,1125
2017,F05,Servicios de preparación de alimentos para ocasiones especiales,16
2017,F07,"Centros nocturnos, discotecas y similares",12
2017,F08,"Bares, cantinas y similares",233
2018,F01,Restaurantes y otros servicios de preparación para consumo inmediato,3977
2018,F02,Restaurantes de autoservicio,60
2018,F03,Restaurantes y alimentos para llevar,1128
2018,F05,Servicios de preparación de alimentos para ocasiones especiales,16
2018,F07,"Centros nocturnos, discotecas y similares",12
2018,F08,"Bares, cantinas y similares",233
2019,F01,Restaurantes y otros servicios de preparación para consumo inmediato,4340
2019,F02,Restaurantes de autoservicio,210
2019,F03,Restaurantes y alimentos para llevar,1329
2019,F04,Servicios de comedor para empresas e instituciones,7
2019,F05,Servicios de preparación de alimentos para ocasiones especiales,16
2019,F06,Servicios de preparación de alimentos en unidades móviles,6
2019,F07,"Centros nocturnos, discotecas y similares",16
2019,F08,"Bares, cantinas y similares",256
2020,F01,Restaurantes y otros servicios de preparación para consumo inmediato,4443
2020,F02,Restaurantes de autoservicio,108
2020,F03,Restaurantes y alimentos para llevar,1416
2020,F04,Servicios de comedor para empresas e instituciones,5
2020,F05,Servicios de preparación de alimentos para ocasiones especiales,16
2020,F07,"Centros nocturnos, discotecas y similares",17
2020,F08,"Bares, cantinas y similares",258
2021,F01,Restaurantes y otros servicios de preparación para consumo inmediato,4418
2021,F02,Restaurantes de autoservicio,107
2021,F03,Restaurantes y alimentos para llevar,1397
2021,F04,Servicios de comedor para empresas e instituciones,8
2021,F05,Servicios de preparación de alimentos para ocasiones especiales,16
2021,F07,"Centros nocturnos, discotecas y similares",17
2021,F08,"Bares, cantinas y similares",258
2022,F01,Restaurantes y otros servicios de preparación para consumo inmediato,4419
2022,F02,Restaurantes de autoservicio,107
2022,F03,Restaurantes y alimentos para llevar,1396
2022,F04,Servicios de comedor para empresas e instituciones,8
2022,F05,Servicios de preparación de alimentos para ocasiones especiales,16
2022,F07,"Centros nocturnos, discotecas y similares",17
2022,F08,"Bares, cantinas y similares",258
2023,F01,Restaurantes y otros servicios de preparación para consumo inmediato,4438
2023,F02,Restaurantes de autoservicio,107
2023,F03,Restaurantes y alimentos para llevar,1393
2023,F04,Servicios de comedor para empresas e instituciones,7
2023,F05,Servicios de preparación de alimentos para ocasiones especiales,15
2023,F07,"Centros nocturnos, discotecas y similares",17
2023,F08,"Bares, cantinas y similares",262
2024,F01,Restaurantes y otros servicios de preparación para consumo inmediato,5010
2024,F02,Restaurantes de autoservicio,197
2024,F03,Restaurantes y alimentos para llevar,1227
2024,F04,Servicios de comedor para empresas e instituciones,12
2024,F05,Servicios de preparación de alimentos para ocasiones especiales,17
2024,F06,Servicios de preparación de alimentos en unidades móviles,13
2024,F07,"Centros nocturnos, discotecas y similares",11
2024,F08,"Bares, cantinas y similares",261
2025,F01,Restaurantes y otros servicios de preparación para consumo inmediato,5127
2025,F02,Restaurantes de autoservicio,141
2025,F03,Restaurantes y alimentos para llevar,1298
2025,F04,Servicios de comedor para empresas e instituciones,2
2025,F05,Servicios de preparación de alimentos para ocasiones especiales,17
2025,F06,Servicios de preparación de alimentos en unidades móviles,5
2025,F07,"Centros nocturnos, discotecas y similares",11
2025,F08,"Bares, cantinas y similares",269
2026,F01,Restaurantes y otros servicios de preparación para consumo inmediato,5139
2026,F02,Restaurantes de autoservicio,144
2026,F03,Restaurantes y alimentos para llevar,1307
2026,F04,Servicios de comedor para empresas e instituciones,3
2026,F05,Servicios de preparación de alimentos para ocasiones especiales,18
2026,F06,Servicios de preparación de alimentos en unidades móviles,5
2026,F07,"Centros nocturnos, discotecas y similares",11
2026,F08,"Bares, cantinas y similares",274
