Version_SCIAN,SCIAN_original,Sector
SCIAN 2007,461110,46
SCIAN 2007,461121,46
SCIAN 2007,461122,46
SCIAN 2007,461123,46
SCIAN 2007,461130,46
SCIAN 2007,461140,46
SCIAN 2007,461150,46
SCIAN 2007,461160,46
SCIAN 2007,461170,46
SCIAN 2007,461190,46
SCIAN 2007,461211,46
SCIAN 2007,461212,46
SCIAN 2007,461213,46
SCIAN 2007,462111,46
SCIAN 2007,462112,46
SCIAN 2007,462210,46
SCIAN 2007,463111,46
SCIAN 2007,463112,46
SCIAN 2007,463113,46
SCIAN 2007,463211,46
SCIAN 2007,463212,46
SCIAN 2007,463213,46
SCIAN 2007,463214,46
SCIAN 2007,463215,46
SCIAN 2007,463216,46
SCIAN 2007,463217,46
SCIAN 2007,463218,46
SCIAN 2007,463310,46
SCIAN 2007,464111,46
SCIAN 2007,464112,46
SCIAN 2007,464113,46
SCIAN 2007,464121,46
SCIAN 2007,464122,46
SCIAN 2007,465111,46
SCIAN 2007,465112,46
SCIAN 2007,465211,46
SCIAN 2007,465212,46
SCIAN 2007,465213,46
SCIAN 2007,465214,46
SCIAN 2007,465215,46
SCIAN 2007,465216,46
SCIAN 2007,465311,46
SCIAN 2007,465312,46
SCIAN 2007,465313,46
SCIAN 2007,465911,46
SCIAN 2007,465912,46
SCIAN 2007,465913,46
SCIAN 2007,465914,46
SCIAN 2007,465919,46
SCIAN 2007,466111,46
SCIAN 2007,466112,46
SCIAN 2007,466113,46
SCIAN 2007,466114,46
SCIAN 2007,466211,46
SCIAN 2007,466212,46
SCIAN 2007,466311,46
SCIAN 2007,466312,46
SCIAN 2007,466313,46
SCIAN 2007,466314,46
SCIAN 2007,466319,46
SCIAN 2007,466410,46
SCIAN 2007,467111,46
SCIAN 2007,467112,46
SCIAN 2007,467113,46
SCIAN 2007,467114,46
SCIAN 2007,467115,46
SCIAN 2007,467116,46
SCIAN 2007,467117,46
SCIAN 2007,468111,46
SCIAN 2007,468112,46
SCIAN 2007,468211,46
SCIAN 2007,468212,46
SCIAN 2007,468213,46
SCIAN 2007,468311,46
SCIAN 2007,468411,46
SCIAN 2007,468412,46
SCIAN 2007,468413,46
SCIAN 2007,468419,46
SCIAN 2007,468420,46
SCIAN 2007,469110,46
SCIAN 2007,481111,48
SCIAN 2007,484119,48
SCIAN 2007,484121,48
SCIAN 2007,484129,48
SCIAN 2007,484210,48
SCIAN 2007,484221,48
SCIAN 2007,484222,48
SCIAN 2007,484229,48
SCIAN 2007,484231,48
SCIAN 2007,484232,48
SCIAN 2007,484239,48
SCIAN 2007,485111,48
SCIAN 2007,485112,48
SCIAN 2007,485210,48
SCIAN 2007,485311,48
SCIAN 2007,485410,48
SCIAN 2007,485510,48
SCIAN 2007,485990,48
SCIAN 2007,487110,48
SCIAN 2007,488210,48
SCIAN 2007,488410,48
SCIAN 2007,488491,48
SCIAN 2007,488493,48
SCIAN 2007,488519,48
SCIAN 2007,488990,48
SCIAN 2007,491110,49
SCIAN 2007,492110,49
SCIAN 2007,492210,49
SCIAN 2007,493111,49
SCIAN 2007,493119,49
SCIAN 2007,493120,49
SCIAN 2007,493190,49
SCIAN 2007,511111,51
SCIAN 2007,511112,51
SCIAN 2007,511121,51
SCIAN 2007,511122,51
SCIAN 2007,511131,51
SCIAN 2007,511132,51
SCIAN 2007,511210,51
SCIAN 2007,512111,51
SCIAN 2007,512113,51
SCIAN 2007,512130,51
SCIAN 2007,512210,51
SCIAN 2007,512290,51
SCIAN 2007,515110,51
SCIAN 2007,515120,51
SCIAN 2007,517111,51
SCIAN 2007,517112,51
SCIAN 2007,517210,51
SCIAN 2007,517410,51
SCIAN 2007,517910,51
SCIAN 2007,518210,51
SCIAN 2007,519110,51
SCIAN 2007,519121,51
SCIAN 2007,519122,51
SCIAN 2007,519130,51
SCIAN 2007,519190,51
SCIAN 2007,522110,52
SCIAN 2007,522210,52
SCIAN 2007,522220,52
SCIAN 2007,522310,52
SCIAN 2007,522320,52
SCIAN 2007,522390,52
SCIAN 2007,522420,52
SCIAN 2007,522430,52
SCIAN 2007,522440,52
SCIAN 2007,522451,52
SCIAN 2007,522452,52
SCIAN 2007,522490,52
SCIAN 2007,522510,52
SCIAN 2007,523110,52
SCIAN 2007,523121,52
SCIAN 2007,523122,52
SCIAN 2007,523910,52
SCIAN 2007,524110,52
SCIAN 2007,524210,52
SCIAN 2007,524220,52
SCIAN 2007,531112,53
SCIAN 2007,531113,53
SCIAN 2007,531114,53
SCIAN 2007,531115,53
SCIAN 2007,531119,53
SCIAN 2007,531210,53
SCIAN 2007,531311,53
SCIAN 2007,531319,53
SCIAN 2007,532110,53
SCIAN 2007,532121,53
SCIAN 2007,532220,53
SCIAN 2007,532230,53
SCIAN 2007,532291,53
SCIAN 2007,532299,53
SCIAN 2007,532310,53
SCIAN 2007,532411,53
SCIAN 2007,532420,53
SCIAN 2007,532492,53
SCIAN 2007,532493,53
SCIAN 2007,541110,54
SCIAN 2007,541120,54
SCIAN 2007,541190,54
SCIAN 2007,541211,54
SCIAN 2007,541219,54
SCIAN 2007,541310,54
SCIAN 2007,541320,54
SCIAN 2007,541330,54
SCIAN 2007,541340,54
SCIAN 2007,541350,54
SCIAN 2007,541360,54
SCIAN 2007,541370,54
SCIAN 2007,541380,54
SCIAN 2007,541410,54
SCIAN 2007,541430,54
SCIAN 2007,541490,54
SCIAN 2007,541510,54
SCIAN 2007,541610,54
SCIAN 2007,541620,54
SCIAN 2007,541690,54
SCIAN 2007,541711,54
SCIAN 2007,541721,54
SCIAN 2007,541810,54
SCIAN 2007,541830,54
SCIAN 2007,541850,54
SCIAN 2007,541890,54
SCIAN 2007,541910,54
SCIAN 2007,541920,54
SCIAN 2007,541941,54
SCIAN 2007,541942,54
SCIAN 2007,541943,54
SCIAN 2007,541990,54
SCIAN 2007,561110,56
SCIAN 2007,561210,56
SCIAN 2007,561310,56
SCIAN 2007,561320,56
SCIAN 2007,561330,56
SCIAN 2007,561410,56
SCIAN 2007,561421,56
SCIAN 2007,561422,56
SCIAN 2007,561431,56
SCIAN 2007,561432,56
SCIAN 2007,561440,56
SCIAN 2007,561450,56
SCIAN 2007,561510,56
SCIAN 2007,561520,56
SCIAN 2007,561590,56
SCIAN 2007,561610,56
SCIAN 2007,561620,56
SCIAN 2007,561710,56
SCIAN 2007,561720,56
SCIAN 2007,561740,56
SCIAN 2007,561790,56
SCIAN 2007,561910,56
SCIAN 2007,561920,56
SCIAN 2007,561990,56
SCIAN 2007,562111,56
SCIAN 2007,562112,56
SCIAN 2007,611111,61
SCIAN 2007,611112,61
SCIAN 2007,611121,61
SCIAN 2007,611122,61
SCIAN 2007,611131,61
SCIAN 2007,611132,61
SCIAN 2007,611141,61
SCIAN 2007,611142,61
SCIAN 2007,611151,61
SCIAN 2007,611152,61
SCIAN 2007,611161,61
SCIAN 2007,611162,61
SCIAN 2007,611171,61
SCIAN 2007,611172,61
SCIAN 2007,611181,61
SCIAN 2007,611182,61
SCIAN 2007,611211,61
SCIAN 2007,611212,61
SCIAN 2007,611311,61
SCIAN 2007,611312,61
SCIAN 2007,611411,61
SCIAN 2007,611421,61
SCIAN 2007,611431,61
SCIAN 2007,611511,61
SCIAN 2007,611512,61
SCIAN 2007,611611,61
SCIAN 2007,611612,61
SCIAN 2007,611621,61
SCIAN 2007,611622,61
SCIAN 2007,611631,61
SCIAN 2007,611691,61
SCIAN 2007,611698,61
SCIAN 2007,611699,61
SCIAN 2007,611710,61
SCIAN 2007,621111,62
SCIAN 2007,621112,62
SCIAN 2007,621113,62
SCIAN 2007,621211,62
SCIAN 2007,621212,62
SCIAN 2007,621311,62
SCIAN 2007,621320,62
SCIAN 2007,621331,62
SCIAN 2007,621332,62
SCIAN 2007,621341,62
SCIAN 2007,621391,62
SCIAN 2007,621398,62
SCIAN 2007,621399,62
SCIAN 2007,621411,62
SCIAN 2007,621421,62
SCIAN 2007,621491,62
SCIAN 2007,621511,62
SCIAN 2007,621512,62
SCIAN 2007,621610,62
SCIAN 2007,621910,62
SCIAN 2007,621991,62
SCIAN 2007,622111,62
SCIAN 2007,622112,62
SCIAN 2007,622212,62
SCIAN 2007,622311,62
SCIAN 2007,623112,62
SCIAN 2007,623221,62
SCIAN 2007,623311,62
SCIAN 2007,623312,62
SCIAN 2007,623991,62
SCIAN 2007,623992,62
SCIAN 2007,624111,62
SCIAN 2007,624112,62
SCIAN 2007,624121,62
SCIAN 2007,624122,62
SCIAN 2007,624191,62
SCIAN 2007,624198,62
SCIAN 2007,624199,62
SCIAN 2007,624211,62
SCIAN 2007,624212,62
SCIAN 2007,624221,62
SCIAN 2007,624311,62
SCIAN 2007,624312,62
SCIAN 2007,624411,62
SCIAN 2007,624412,62
SCIAN 2007,711111,71
SCIAN 2007,711121,71
SCIAN 2007,711131,71
SCIAN 2007,711191,71
SCIAN 2007,711192,71
SCIAN 2007,711211,71
SCIAN 2007,711212,71
SCIAN 2007,711311,71
SCIAN 2007,711312,71
SCIAN 2007,711320,71
SCIAN 2007,711410,71
SCIAN 2007,711510,71
SCIAN 2007,712111,71
SCIAN 2007,712112,71
SCIAN 2007,712132,71
SCIAN 2007,713111,71
SCIAN 2007,713112,71
SCIAN 2007,713113,71
SCIAN 2007,713120,71
SCIAN 2007,713291,71
SCIAN 2007,713299,71
SCIAN 2007,713910,71
SCIAN 2007,713941,71
SCIAN 2007,713942,71
SCIAN 2007,713943,71
SCIAN 2007,713944,71
SCIAN 2007,713950,71
SCIAN 2007,713991,71
SCIAN 2007,713992,71
SCIAN 2007,713998,71
SCIAN 2007,713999,71
SCIAN 2007,721111,72
SCIAN 2007,721112,72
SCIAN 2007,721113,72
SCIAN 2007,721190,72
SCIAN 2007,721210,72
SCIAN 2007,721311,72
SCIAN 2007,721312,72
SCIAN 2007,722110,72
SCIAN 2007,722211,72
SCIAN 2007,722212,72
SCIAN 2007,722219,72
SCIAN 2007,722310,72
SCIAN 2007,722320,72
SCIAN 2007,722411,72
SCIAN 2007,722412,72
SCIAN 2007,811111,81
SCIAN 2007,811112,81
SCIAN 2007,811113,81
SCIAN 2007,811114,81
SCIAN 2007,811115,81
SCIAN 2007,811116,81
SCIAN 2007,811119,81
SCIAN 2007,811121,81
SCIAN 2007,811122,81
SCIAN 2007,811129,81
SCIAN 2007,811191,81
SCIAN 2007,811192,81
SCIAN 2007,811199,81
SCIAN 2007,811211,81
SCIAN 2007,811219,81
SCIAN 2007,811311,81
SCIAN 2007,811312,81
SCIAN 2007,811313,81
SCIAN 2007,811314,81
SCIAN 2007,811410,81
SCIAN 2007,811420,81
SCIAN 2007,811430,81
SCIAN 2007,811491,81
SCIAN 2007,811492,81
SCIAN 2007,811493,81
SCIAN 2007,811499,81
SCIAN 2007,812110,81
SCIAN 2007,812120,81
SCIAN 2007,812130,81
SCIAN 2007,812210,81
SCIAN 2007,812310,81
SCIAN 2007,812320,81
SCIAN 2007,812410,81
SCIAN 2007,812910,81
SCIAN 2007,812990,81
SCIAN 2007,813110,81
SCIAN 2007,813120,81
SCIAN 2007,813130,81
SCIAN 2007,813210,81
SCIAN 2007,813230,81
SCIAN 2013,461110,46
SCIAN 2013,461121,46
SCIAN 2013,461122,46
SCIAN 2013,461123,46
SCIAN 2013,461130,46
SCIAN 2013,461140,46
SCIAN 2013,461150,46
SCIAN 2013,461160,46
SCIAN 2013,461170,46
SCIAN 2013,461190,46
SCIAN 2013,461211,46
SCIAN 2013,461212,46
SCIAN 2013,461213,46
SCIAN 2013,461220,46
SCIAN 2013,462111,46
SCIAN 2013,462112,46
SCIAN 2013,462210,46
SCIAN 2013,463111,46
SCIAN 2013,463112,46
SCIAN 2013,463113,46
SCIAN 2013,463211,46
SCIAN 2013,463212,46
SCIAN 2013,463213,46
SCIAN 2013,463214,46
SCIAN 2013,463215,46
SCIAN 2013,463216,46
SCIAN 2013,463217,46
SCIAN 2013,463218,46
SCIAN 2013,463310,46
SCIAN 2013,464111,46
SCIAN 2013,464112,46
SCIAN 2013,464113,46
SCIAN 2013,464121,46
SCIAN 2013,464122,46
SCIAN 2013,465111,46
SCIAN 2013,465112,46
SCIAN 2013,465211,46
SCIAN 2013,465212,46
SCIAN 2013,465213,46
SCIAN 2013,465214,46
SCIAN 2013,465215,46
SCIAN 2013,465216,46
SCIAN 2013,465311,46
SCIAN 2013,465312,46
SCIAN 2013,465313,46
SCIAN 2013,465911,46
SCIAN 2013,465912,46
SCIAN 2013,465913,46
SCIAN 2013,465914,46
SCIAN 2013,465915,46
SCIAN 2013,465919,46
SCIAN 2013,466111,46
SCIAN 2013,466112,46
SCIAN 2013,466113,46
SCIAN 2013,466114,46
SCIAN 2013,466211,46
SCIAN 2013,466212,46
SCIAN 2013,466311,46
SCIAN 2013,466312,46
SCIAN 2013,466313,46
SCIAN 2013,466314,46
SCIAN 2013,466319,46
SCIAN 2013,466410,46
SCIAN 2013,467111,46
SCIAN 2013,467112,46
SCIAN 2013,467113,46
SCIAN 2013,467114,46
SCIAN 2013,467115,46
SCIAN 2013,467116,46
SCIAN 2013,467117,46
SCIAN 2013,468111,46
SCIAN 2013,468112,46
SCIAN 2013,468211,46
SCIAN 2013,468212,46
SCIAN 2013,468213,46
SCIAN 2013,468311,46
SCIAN 2013,468411,46
SCIAN 2013,468412,46
SCIAN 2013,468413,46
SCIAN 2013,468419,46
SCIAN 2013,468420,46
SCIAN 2013,469110,46
SCIAN 2013,481111,48
SCIAN 2013,481210,48
SCIAN 2013,482110,48
SCIAN 2013,484119,48
SCIAN 2013,484121,48
SCIAN 2013,484129,48
SCIAN 2013,484210,48
SCIAN 2013,484221,48
SCIAN 2013,484222,48
SCIAN 2013,484229,48
SCIAN 2013,484231,48
SCIAN 2013,484232,48
SCIAN 2013,484239,48
SCIAN 2013,485111,48
SCIAN 2013,485210,48
SCIAN 2013,485320,48
SCIAN 2013,485410,48
SCIAN 2013,485510,48
SCIAN 2013,485990,48
SCIAN 2013,487110,48
SCIAN 2013,487990,48
SCIAN 2013,488410,48
SCIAN 2013,488491,48
SCIAN 2013,488492,48
SCIAN 2013,488493,48
SCIAN 2013,488511,48
SCIAN 2013,488519,48
SCIAN 2013,488990,48
SCIAN 2013,491110,49
SCIAN 2013,492110,49
SCIAN 2013,492210,49
SCIAN 2013,493111,49
SCIAN 2013,493119,49
SCIAN 2013,511112,51
SCIAN 2013,511121,51
SCIAN 2013,511131,51
SCIAN 2013,511132,51
SCIAN 2013,511210,51
SCIAN 2013,512112,51
SCIAN 2013,512113,51
SCIAN 2013,512130,51
SCIAN 2013,512210,51
SCIAN 2013,512290,51
SCIAN 2013,515110,51
SCIAN 2013,515120,51
SCIAN 2013,515210,51
SCIAN 2013,517110,51
SCIAN 2013,517210,51
SCIAN 2013,517910,51
SCIAN 2013,518210,51
SCIAN 2013,519110,51
SCIAN 2013,519121,51
SCIAN 2013,519122,51
SCIAN 2013,519130,51
SCIAN 2013,521110,52
SCIAN 2013,522110,52
SCIAN 2013,522210,52
SCIAN 2013,522220,52
SCIAN 2013,522310,52
SCIAN 2013,522320,52
SCIAN 2013,522390,52
SCIAN 2013,522430,52
SCIAN 2013,522440,52
SCIAN 2013,522451,52
SCIAN 2013,522452,52
SCIAN 2013,522460,52
SCIAN 2013,522490,52
SCIAN 2013,522510,52
SCIAN 2013,523110,52
SCIAN 2013,523121,52
SCIAN 2013,523122,52
SCIAN 2013,524110,52
SCIAN 2013,524130,52
SCIAN 2013,524210,52
SCIAN 2013,524220,52
SCIAN 2013,531112,53
SCIAN 2013,531113,53
SCIAN 2013,531114,53
SCIAN 2013,531115,53
SCIAN 2013,531119,53
SCIAN 2013,531210,53
SCIAN 2013,531311,53
SCIAN 2013,531319,53
SCIAN 2013,532110,53
SCIAN 2013,532121,53
SCIAN 2013,532210,53
SCIAN 2013,532220,53
SCIAN 2013,532230,53
SCIAN 2013,532291,53
SCIAN 2013,532299,53
SCIAN 2013,532310,53
SCIAN 2013,532411,53
SCIAN 2013,532412,53
SCIAN 2013,532420,53
SCIAN 2013,532492,53
SCIAN 2013,532493,53
SCIAN 2013,533110,53
SCIAN 2013,541110,54
SCIAN 2013,541120,54
SCIAN 2013,541190,54
SCIAN 2013,541211,54
SCIAN 2013,541310,54
SCIAN 2013,541330,54
SCIAN 2013,541340,54
SCIAN 2013,541350,54
SCIAN 2013,541370,54
SCIAN 2013,541380,54
SCIAN 2013,541410,54
SCIAN 2013,541430,54
SCIAN 2013,541510,54
SCIAN 2013,541610,54
SCIAN 2013,541620,54
SCIAN 2013,541690,54
SCIAN 2013,541711,54
SCIAN 2013,541712,54
SCIAN 2013,541722,54
SCIAN 2013,541810,54
SCIAN 2013,541840,54
SCIAN 2013,541850,54
SCIAN 2013,541870,54
SCIAN 2013,541890,54
SCIAN 2013,541910,54
SCIAN 2013,541920,54
SCIAN 2013,541941,54
SCIAN 2013,541942,54
SCIAN 2013,541943,54
SCIAN 2013,541990,54
SCIAN 2013,561110,56
SCIAN 2013,561210,56
SCIAN 2013,561310,56
SCIAN 2013,561320,56
SCIAN 2013,561330,56
SCIAN 2013,561421,56
SCIAN 2013,561422,56
SCIAN 2013,561431,56
SCIAN 2013,561432,56
SCIAN 2013,561440,56
SCIAN 2013,561490,56
SCIAN 2013,561510,56
SCIAN 2013,561520,56
SCIAN 2013,561590,56
SCIAN 2013,561610,56
SCIAN 2013,561620,56
SCIAN 2013,561710,56
SCIAN 2013,561720,56
SCIAN 2013,561730,56
SCIAN 2013,561740,56
SCIAN 2013,561790,56
SCIAN 2013,561910,56
SCIAN 2013,561920,56
SCIAN 2013,561990,56
SCIAN 2013,562111,56
SCIAN 2013,562112,56
SCIAN 2013,611111,61
SCIAN 2013,611112,61
SCIAN 2013,611121,61
SCIAN 2013,611122,61
SCIAN 2013,611131,61
SCIAN 2013,611132,61
SCIAN 2013,611142,61
SCIAN 2013,611151,61
SCIAN 2013,611161,61
SCIAN 2013,611162,61
SCIAN 2013,611171,61
SCIAN 2013,611172,61
SCIAN 2013,611181,61
SCIAN 2013,611182,61
SCIAN 2013,611211,61
SCIAN 2013,611212,61
SCIAN 2013,611311,61
SCIAN 2013,611312,61
SCIAN 2013,611411,61
SCIAN 2013,611412,61
SCIAN 2013,611421,61
SCIAN 2013,611422,61
SCIAN 2013,611431,61
SCIAN 2013,611511,61
SCIAN 2013,611512,61
SCIAN 2013,611611,61
SCIAN 2013,611612,61
SCIAN 2013,611621,61
SCIAN 2013,611622,61
SCIAN 2013,611631,61
SCIAN 2013,611691,61
SCIAN 2013,611698,61
SCIAN 2013,611699,61
SCIAN 2013,611710,61
SCIAN 2013,621111,62
SCIAN 2013,621112,62
SCIAN 2013,621113,62
SCIAN 2013,621115,62
SCIAN 2013,621116,62
SCIAN 2013,621211,62
SCIAN 2013,621212,62
SCIAN 2013,621311,62
SCIAN 2013,621320,62
SCIAN 2013,621331,62
SCIAN 2013,621332,62
SCIAN 2013,621341,62
SCIAN 2013,621342,62
SCIAN 2013,621391,62
SCIAN 2013,621398,62
SCIAN 2013,621399,62
SCIAN 2013,621421,62
SCIAN 2013,621491,62
SCIAN 2013,621511,62
SCIAN 2013,621512,62
SCIAN 2013,621610,62
SCIAN 2013,621910,62
SCIAN 2013,621992,62
SCIAN 2013,622111,62
SCIAN 2013,622112,62
SCIAN 2013,622212,62
SCIAN 2013,622311,62
SCIAN 2013,623111,62
SCIAN 2013,623221,62
SCIAN 2013,623311,62
SCIAN 2013,623312,62
SCIAN 2013,623991,62
SCIAN 2013,623992,62
SCIAN 2013,624111,62
SCIAN 2013,624112,62
SCIAN 2013,624121,62
SCIAN 2013,624122,62
SCIAN 2013,624191,62
SCIAN 2013,624198,62
SCIAN 2013,624199,62
SCIAN 2013,624211,62
SCIAN 2013,624212,62
SCIAN 2013,624222,62
SCIAN 2013,624231,62
SCIAN 2013,624311,62
SCIAN 2013,624312,62
SCIAN 2013,624411,62
SCIAN 2013,624412,62
SCIAN 2013,711111,71
SCIAN 2013,711112,71
SCIAN 2013,711121,71
SCIAN 2013,711131,71
SCIAN 2013,711212,71
SCIAN 2013,711311,71
SCIAN 2013,711312,71
SCIAN 2013,711320,71
SCIAN 2013,711410,71
SCIAN 2013,711510,71
SCIAN 2013,712111,71
SCIAN 2013,712112,71
SCIAN 2013,712132,71
SCIAN 2013,713111,71
SCIAN 2013,713112,71
SCIAN 2013,713113,71
SCIAN 2013,713120,71
SCIAN 2013,713291,71
SCIAN 2013,713299,71
SCIAN 2013,713910,71
SCIAN 2013,713941,71
SCIAN 2013,713942,71
SCIAN 2013,713943,71
SCIAN 2013,713944,71
SCIAN 2013,713950,71
SCIAN 2013,713991,71
SCIAN 2013,713992,71
SCIAN 2013,713998,71
SCIAN 2013,721111,72
SCIAN 2013,721112,72
SCIAN 2013,721113,72
SCIAN 2013,721190,72
SCIAN 2013,721210,72
SCIAN 2013,721311,72
SCIAN 2013,721312,72
SCIAN 2013,722310,72
SCIAN 2013,722320,72
SCIAN 2013,722411,72
SCIAN 2013,722412,72
SCIAN 2013,722511,72
SCIAN 2013,722512,72
SCIAN 2013,722513,72
SCIAN 2013,722514,72
SCIAN 2013,722515,72
SCIAN 2013,722516,72
SCIAN 2013,722517,72
SCIAN 2013,722518,72
SCIAN 2013,722519,72
SCIAN 2013,811111,81
SCIAN 2013,811112,81
SCIAN 2013,811113,81
SCIAN 2013,811114,81
SCIAN 2013,811115,81
SCIAN 2013,811116,81
SCIAN 2013,811119,81
SCIAN 2013,811121,81
SCIAN 2013,811122,81
SCIAN 2013,811129,81
SCIAN 2013,811191,81
SCIAN 2013,811192,81
SCIAN 2013,811199,81
SCIAN 2013,811211,81
SCIAN 2013,811219,81
SCIAN 2013,811311,81
SCIAN 2013,811312,81
SCIAN 2013,811313,81
SCIAN 2013,811314,81
SCIAN 2013,811410,81
SCIAN 2013,811420,81
SCIAN 2013,811430,81
SCIAN 2013,811491,81
SCIAN 2013,811492,81
SCIAN 2013,811493,81
SCIAN 2013,811499,81
SCIAN 2013,812110,81
SCIAN 2013,812120,81
SCIAN 2013,812130,81
SCIAN 2013,812210,81
SCIAN 2013,812310,81
SCIAN 2013,812321,81
SCIAN 2013,812322,81
SCIAN 2013,812410,81
SCIAN 2013,812910,81
SCIAN 2013,812990,81
SCIAN 2013,813110,81
SCIAN 2013,813120,81
SCIAN 2013,813130,81
SCIAN 2013,813140,81
SCIAN 2013,813210,81
SCIAN 2013,813230,81
SCIAN 2018,461110,46
SCIAN 2018,461121,46
SCIAN 2018,461122,46
SCIAN 2018,461123,46
SCIAN 2018,461130,46
SCIAN 2018,461140,46
SCIAN 2018,461150,46
SCIAN 2018,461160,46
SCIAN 2018,461170,46
SCIAN 2018,461190,46
SCIAN 2018,461211,46
SCIAN 2018,461212,46
SCIAN 2018,461213,46
SCIAN 2018,461220,46
SCIAN 2018,462111,46
SCIAN 2018,462112,46
SCIAN 2018,462210,46
SCIAN 2018,463111,46
SCIAN 2018,463112,46
SCIAN 2018,463113,46
SCIAN 2018,463211,46
SCIAN 2018,463212,46
SCIAN 2018,463213,46
SCIAN 2018,463214,46
SCIAN 2018,463215,46
SCIAN 2018,463216,46
SCIAN 2018,463217,46
SCIAN 2018,463218,46
SCIAN 2018,463310,46
SCIAN 2018,464111,46
SCIAN 2018,464112,46
SCIAN 2018,464113,46
SCIAN 2018,464121,46
SCIAN 2018,464122,46
SCIAN 2018,465111,46
SCIAN 2018,465112,46
SCIAN 2018,465211,46
SCIAN 2018,465212,46
SCIAN 2018,465213,46
SCIAN 2018,465214,46
SCIAN 2018,465215,46
SCIAN 2018,465216,46
SCIAN 2018,465311,46
SCIAN 2018,465312,46
SCIAN 2018,465313,46
SCIAN 2018,465911,46
SCIAN 2018,465912,46
SCIAN 2018,465913,46
SCIAN 2018,465914,46
SCIAN 2018,465915,46
SCIAN 2018,465919,46
SCIAN 2018,466111,46
SCIAN 2018,466112,46
SCIAN 2018,466113,46
SCIAN 2018,466114,46
SCIAN 2018,466211,46
SCIAN 2018,466212,46
SCIAN 2018,466311,46
SCIAN 2018,466312,46
SCIAN 2018,466313,46
SCIAN 2018,466314,46
SCIAN 2018,466319,46
SCIAN 2018,466410,46
SCIAN 2018,467111,46
SCIAN 2018,467112,46
SCIAN 2018,467113,46
SCIAN 2018,467114,46
SCIAN 2018,467115,46
SCIAN 2018,467116,46
SCIAN 2018,467117,46
SCIAN 2018,468111,46
SCIAN 2018,468112,46
SCIAN 2018,468211,46
SCIAN 2018,468212,46
SCIAN 2018,468213,46
SCIAN 2018,468311,46
SCIAN 2018,468411,46
SCIAN 2018,468412,46
SCIAN 2018,468413,46
SCIAN 2018,468414,46
SCIAN 2018,468419,46
SCIAN 2018,468420,46
SCIAN 2018,469110,46
SCIAN 2018,481111,48
SCIAN 2018,481210,48
SCIAN 2018,482110,48
SCIAN 2018,484119,48
SCIAN 2018,484121,48
SCIAN 2018,484129,48
SCIAN 2018,484210,48
SCIAN 2018,484221,48
SCIAN 2018,484222,48
SCIAN 2018,484229,48
SCIAN 2018,484231,48
SCIAN 2018,484232,48
SCIAN 2018,484239,48
SCIAN 2018,485111,48
SCIAN 2018,485112,48
SCIAN 2018,485210,48
SCIAN 2018,485311,48
SCIAN 2018,485320,48
SCIAN 2018,485410,48
SCIAN 2018,485510,48
SCIAN 2018,485990,48
SCIAN 2018,487110,48
SCIAN 2018,487990,48
SCIAN 2018,488190,48
SCIAN 2018,488410,48
SCIAN 2018,488491,48
SCIAN 2018,488492,48
SCIAN 2018,488493,48
SCIAN 2018,488511,48
SCIAN 2018,488519,48
SCIAN 2018,488990,48
SCIAN 2018,491110,49
SCIAN 2018,492110,49
SCIAN 2018,492210,49
SCIAN 2018,493111,49
SCIAN 2018,493119,49
SCIAN 2018,511111,51
SCIAN 2018,511112,51
SCIAN 2018,511121,51
SCIAN 2018,511131,51
SCIAN 2018,511132,51
SCIAN 2018,511192,51
SCIAN 2018,511210,51
SCIAN 2018,512112,51
SCIAN 2018,512113,51
SCIAN 2018,512130,51
SCIAN 2018,512250,51
SCIAN 2018,512290,51
SCIAN 2018,515110,51
SCIAN 2018,515120,51
SCIAN 2018,515210,51
SCIAN 2018,517311,51
SCIAN 2018,517312,51
SCIAN 2018,517410,51
SCIAN 2018,517910,51
SCIAN 2018,518210,51
SCIAN 2018,519110,51
SCIAN 2018,519121,51
SCIAN 2018,519122,51
SCIAN 2018,519130,51
SCIAN 2018,519190,51
SCIAN 2018,521110,52
SCIAN 2018,522110,52
SCIAN 2018,522210,52
SCIAN 2018,522220,52
SCIAN 2018,522310,52
SCIAN 2018,522320,52
SCIAN 2018,522390,52
SCIAN 2018,522440,52
SCIAN 2018,522451,52
SCIAN 2018,522452,52
SCIAN 2018,522460,52
SCIAN 2018,522490,52
SCIAN 2018,522510,52
SCIAN 2018,523110,52
SCIAN 2018,523121,52
SCIAN 2018,523122,52
SCIAN 2018,523990,52
SCIAN 2018,524110,52
SCIAN 2018,524130,52
SCIAN 2018,524210,52
SCIAN 2018,524220,52
SCIAN 2018,531111,53
SCIAN 2018,531112,53
SCIAN 2018,531113,53
SCIAN 2018,531114,53
SCIAN 2018,531115,53
SCIAN 2018,531116,53
SCIAN 2018,531119,53
SCIAN 2018,531210,53
SCIAN 2018,531311,53
SCIAN 2018,531319,53
SCIAN 2018,532110,53
SCIAN 2018,532121,53
SCIAN 2018,532122,53
SCIAN 2018,532210,53
SCIAN 2018,532281,53
SCIAN 2018,532282,53
SCIAN 2018,532289,53
SCIAN 2018,532310,53
SCIAN 2018,532411,53
SCIAN 2018,532420,53
SCIAN 2018,532491,53
SCIAN 2018,532492,53
SCIAN 2018,532493,53
SCIAN 2018,533110,53
SCIAN 2018,541110,54
SCIAN 2018,541120,54
SCIAN 2018,541190,54
SCIAN 2018,541211,54
SCIAN 2018,541219,54
SCIAN 2018,541310,54
SCIAN 2018,541330,54
SCIAN 2018,541340,54
SCIAN 2018,541350,54
SCIAN 2018,541370,54
SCIAN 2018,541380,54
SCIAN 2018,541410,54
SCIAN 2018,541430,54
SCIAN 2018,541490,54
SCIAN 2018,541510,54
SCIAN 2018,541610,54
SCIAN 2018,541620,54
SCIAN 2018,541690,54
SCIAN 2018,541711,54
SCIAN 2018,541712,54
SCIAN 2018,541722,54
SCIAN 2018,541810,54
SCIAN 2018,541820,54
SCIAN 2018,541830,54
SCIAN 2018,541840,54
SCIAN 2018,541850,54
SCIAN 2018,541860,54
SCIAN 2018,541870,54
SCIAN 2018,541890,54
SCIAN 2018,541910,54
SCIAN 2018,541920,54
SCIAN 2018,541941,54
SCIAN 2018,541942,54
SCIAN 2018,541943,54
SCIAN 2018,541990,54
SCIAN 2018,561110,56
SCIAN 2018,561210,56
SCIAN 2018,561310,56
SCIAN 2018,561320,56
SCIAN 2018,561330,56
SCIAN 2018,561421,56
SCIAN 2018,561422,56
SCIAN 2018,561431,56
SCIAN 2018,561432,56
SCIAN 2018,561440,56
SCIAN 2018,561450,56
SCIAN 2018,561510,56
SCIAN 2018,561520,56
SCIAN 2018,561590,56
SCIAN 2018,561610,56
SCIAN 2018,561620,56
SCIAN 2018,561710,56
SCIAN 2018,561720,56
SCIAN 2018,561730,56
SCIAN 2018,561740,56
SCIAN 2018,561790,56
SCIAN 2018,561910,56
SCIAN 2018,561920,56
SCIAN 2018,561990,56
SCIAN 2018,562111,56
SCIAN 2018,562112,56
SCIAN 2018,562121,56
SCIAN 2018,562221,56
SCIAN 2018,562911,56
SCIAN 2018,562998,56
SCIAN 2018,611111,61
SCIAN 2018,611112,61
SCIAN 2018,611121,61
SCIAN 2018,611122,61
SCIAN 2018,611131,61
SCIAN 2018,611132,61
SCIAN 2018,611142,61
SCIAN 2018,611151,61
SCIAN 2018,611152,61
SCIAN 2018,611161,61
SCIAN 2018,611162,61
SCIAN 2018,611171,61
SCIAN 2018,611172,61
SCIAN 2018,611181,61
SCIAN 2018,611182,61
SCIAN 2018,611211,61
SCIAN 2018,611212,61
SCIAN 2018,611311,61
SCIAN 2018,611312,61
SCIAN 2018,611411,61
SCIAN 2018,611412,61
SCIAN 2018,611421,61
SCIAN 2018,611422,61
SCIAN 2018,611431,61
SCIAN 2018,611432,61
SCIAN 2018,611511,61
SCIAN 2018,611512,61
SCIAN 2018,611611,61
SCIAN 2018,611612,61
SCIAN 2018,611621,61
SCIAN 2018,611622,61
SCIAN 2018,611631,61
SCIAN 2018,611632,61
SCIAN 2018,611691,61
SCIAN 2018,611698,61
SCIAN 2018,611699,61
SCIAN 2018,611710,61
SCIAN 2018,621111,62
SCIAN 2018,621112,62
SCIAN 2018,621113,62
SCIAN 2018,621114,62
SCIAN 2018,621115,62
SCIAN 2018,621116,62
SCIAN 2018,621211,62
SCIAN 2018,621212,62
SCIAN 2018,621311,62
SCIAN 2018,621312,62
SCIAN 2018,621320,62
SCIAN 2018,621331,62
SCIAN 2018,621332,62
SCIAN 2018,621341,62
SCIAN 2018,621342,62
SCIAN 2018,621391,62
SCIAN 2018,621392,62
SCIAN 2018,621398,62
SCIAN 2018,621399,62
SCIAN 2018,621411,62
SCIAN 2018,621421,62
SCIAN 2018,621491,62
SCIAN 2018,621492,62
SCIAN 2018,621511,62
SCIAN 2018,621512,62
SCIAN 2018,621610,62
SCIAN 2018,621910,62
SCIAN 2018,621991,62
SCIAN 2018,621992,62
SCIAN 2018,622111,62
SCIAN 2018,622112,62
SCIAN 2018,622211,62
SCIAN 2018,622212,62
SCIAN 2018,622311,62
SCIAN 2018,622312,62
SCIAN 2018,623111,62
SCIAN 2018,623211,62
SCIAN 2018,623221,62
SCIAN 2018,623311,62
SCIAN 2018,623312,62
SCIAN 2018,623991,62
SCIAN 2018,623992,62
SCIAN 2018,624111,62
SCIAN 2018,624112,62
SCIAN 2018,624121,62
SCIAN 2018,624122,62
SCIAN 2018,624191,62
SCIAN 2018,624198,62
SCIAN 2018,624199,62
SCIAN 2018,624211,62
SCIAN 2018,624212,62
SCIAN 2018,624221,62
SCIAN 2018,624222,62
SCIAN 2018,624231,62
SCIAN 2018,624311,62
SCIAN 2018,624312,62
SCIAN 2018,624411,62
SCIAN 2018,624412,62
SCIAN 2018,711111,71
SCIAN 2018,711112,71
SCIAN 2018,711121,71
SCIAN 2018,711131,71
SCIAN 2018,711211,71
SCIAN 2018,711212,71
SCIAN 2018,711311,71
SCIAN 2018,711312,71
SCIAN 2018,711410,71
SCIAN 2018,711510,71
SCIAN 2018,712111,71
SCIAN 2018,712112,71
SCIAN 2018,712131,71
SCIAN 2018,712132,71
SCIAN 2018,713111,71
SCIAN 2018,713112,71
SCIAN 2018,713113,71
SCIAN 2018,713120,71
SCIAN 2018,713291,71
SCIAN 2018,713299,71
SCIAN 2018,713910,71
SCIAN 2018,713941,71
SCIAN 2018,713942,71
SCIAN 2018,713943,71
SCIAN 2018,713944,71
SCIAN 2018,713950,71
SCIAN 2018,713991,71
SCIAN 2018,713992,71
SCIAN 2018,713998,71
SCIAN 2018,721111,72
SCIAN 2018,721112,72
SCIAN 2018,721113,72
SCIAN 2018,721190,72
SCIAN 2018,721210,72
SCIAN 2018,721311,72
SCIAN 2018,721312,72
SCIAN 2018,722310,72
SCIAN 2018,722320,72
SCIAN 2018,722330,72
SCIAN 2018,722411,72
SCIAN 2018,722412,72
SCIAN 2018,722511,72
SCIAN 2018,722512,72
SCIAN 2018,722513,72
SCIAN 2018,722514,72
SCIAN 2018,722515,72
SCIAN 2018,722516,72
SCIAN 2018,722517,72
SCIAN 2018,722518,72
SCIAN 2018,722519,72
SCIAN 2018,811111,81
SCIAN 2018,811112,81
SCIAN 2018,811113,81
SCIAN 2018,811114,81
SCIAN 2018,811115,81
SCIAN 2018,811116,81
SCIAN 2018,811119,81
SCIAN 2018,811121,81
SCIAN 2018,811122,81
SCIAN 2018,811123,81
SCIAN 2018,811129,81
SCIAN 2018,811191,81
SCIAN 2018,811192,81
SCIAN 2018,811199,81
SCIAN 2018,811211,81
SCIAN 2018,811219,81
SCIAN 2018,811311,81
SCIAN 2018,811312,81
SCIAN 2018,811313,81
SCIAN 2018,811314,81
SCIAN 2018,811410,81
SCIAN 2018,811420,81
SCIAN 2018,811430,81
SCIAN 2018,811491,81
SCIAN 2018,811492,81
SCIAN 2018,811493,81
SCIAN 2018,811499,81
SCIAN 2018,812110,81
SCIAN 2018,812120,81
SCIAN 2018,812130,81
SCIAN 2018,812210,81
SCIAN 2018,812310,81
SCIAN 2018,812321,81
SCIAN 2018,812322,81
SCIAN 2018,812410,81
SCIAN 2018,812910,81
SCIAN 2018,812990,81
SCIAN 2018,813110,81
SCIAN 2018,813120,81
SCIAN 2018,813130,81
SCIAN 2018,813140,81
SCIAN 2018,813210,81
SCIAN 2018,813230,81
SCIAN 2023,461110,46
SCIAN 2023,461121,46
SCIAN 2023,461122,46
SCIAN 2023,461123,46
SCIAN 2023,461130,46
SCIAN 2023,461140,46
SCIAN 2023,461150,46
SCIAN 2023,461160,46
SCIAN 2023,461170,46
SCIAN 2023,461190,46
SCIAN 2023,461211,46
SCIAN 2023,461212,46
SCIAN 2023,461213,46
SCIAN 2023,461220,46
SCIAN 2023,462111,46
SCIAN 2023,462112,46
SCIAN 2023,462210,46
SCIAN 2023,463111,46
SCIAN 2023,463112,46
SCIAN 2023,463113,46
SCIAN 2023,463211,46
SCIAN 2023,463212,46
SCIAN 2023,463213,46
SCIAN 2023,463214,46
SCIAN 2023,463215,46
SCIAN 2023,463216,46
SCIAN 2023,463217,46
SCIAN 2023,463218,46
SCIAN 2023,463310,46
SCIAN 2023,464111,46
SCIAN 2023,464112,46
SCIAN 2023,464113,46
SCIAN 2023,464121,46
SCIAN 2023,464122,46
SCIAN 2023,465111,46
SCIAN 2023,465112,46
SCIAN 2023,465211,46
SCIAN 2023,465212,46
SCIAN 2023,465213,46
SCIAN 2023,465214,46
SCIAN 2023,465215,46
SCIAN 2023,465216,46
SCIAN 2023,465311,46
SCIAN 2023,465312,46
SCIAN 2023,465313,46
SCIAN 2023,465911,46
SCIAN 2023,465912,46
SCIAN 2023,465913,46
SCIAN 2023,465914,46
SCIAN 2023,465915,46
SCIAN 2023,465919,46
SCIAN 2023,466111,46
SCIAN 2023,466112,46
SCIAN 2023,466113,46
SCIAN 2023,466114,46
SCIAN 2023,466211,46
SCIAN 2023,466212,46
SCIAN 2023,466311,46
SCIAN 2023,466312,46
SCIAN 2023,466313,46
SCIAN 2023,466314,46
SCIAN 2023,466319,46
SCIAN 2023,466410,46
SCIAN 2023,467111,46
SCIAN 2023,467112,46
SCIAN 2023,467113,46
SCIAN 2023,467114,46
SCIAN 2023,467115,46
SCIAN 2023,467116,46
SCIAN 2023,467117,46
SCIAN 2023,468111,46
SCIAN 2023,468112,46
SCIAN 2023,468211,46
SCIAN 2023,468212,46
SCIAN 2023,468213,46
SCIAN 2023,468311,46
SCIAN 2023,468411,46
SCIAN 2023,468412,46
SCIAN 2023,468413,46
SCIAN 2023,468414,46
SCIAN 2023,468419,46
SCIAN 2023,468420,46
SCIAN 2023,469110,46
SCIAN 2023,481111,48
SCIAN 2023,481210,48
SCIAN 2023,482110,48
SCIAN 2023,484119,48
SCIAN 2023,484121,48
SCIAN 2023,484129,48
SCIAN 2023,484210,48
SCIAN 2023,484221,48
SCIAN 2023,484222,48
SCIAN 2023,484229,48
SCIAN 2023,484231,48
SCIAN 2023,484232,48
SCIAN 2023,484233,48
SCIAN 2023,484239,48
SCIAN 2023,485111,48
SCIAN 2023,485210,48
SCIAN 2023,485320,48
SCIAN 2023,485410,48
SCIAN 2023,485510,48
SCIAN 2023,485990,48
SCIAN 2023,487110,48
SCIAN 2023,488190,48
SCIAN 2023,488410,48
SCIAN 2023,488491,48
SCIAN 2023,488492,48
SCIAN 2023,488493,48
SCIAN 2023,488511,48
SCIAN 2023,488519,48
SCIAN 2023,488990,48
SCIAN 2023,491110,49
SCIAN 2023,492110,49
SCIAN 2023,492210,49
SCIAN 2023,493119,49
SCIAN 2023,493190,49
SCIAN 2023,512112,51
SCIAN 2023,512113,51
SCIAN 2023,512130,51
SCIAN 2023,512290,51
SCIAN 2023,513111,51
SCIAN 2023,513112,51
SCIAN 2023,513121,51
SCIAN 2023,513131,51
SCIAN 2023,513132,51
SCIAN 2023,513210,51
SCIAN 2023,516110,51
SCIAN 2023,516120,51
SCIAN 2023,516210,51
SCIAN 2023,517311,51
SCIAN 2023,517312,51
SCIAN 2023,517410,51
SCIAN 2023,517910,51
SCIAN 2023,518210,51
SCIAN 2023,519211,51
SCIAN 2023,519212,51
SCIAN 2023,521110,52
SCIAN 2023,522110,52
SCIAN 2023,522210,52
SCIAN 2023,522220,52
SCIAN 2023,522320,52
SCIAN 2023,522390,52
SCIAN 2023,522440,52
SCIAN 2023,522451,52
SCIAN 2023,522452,52
SCIAN 2023,522460,52
SCIAN 2023,522490,52
SCIAN 2023,523110,52
SCIAN 2023,523121,52
SCIAN 2023,523122,52
SCIAN 2023,523910,52
SCIAN 2023,523990,52
SCIAN 2023,524110,52
SCIAN 2023,524130,52
SCIAN 2023,524210,52
SCIAN 2023,524220,52
SCIAN 2023,531111,53
SCIAN 2023,531112,53
SCIAN 2023,531113,53
SCIAN 2023,531114,53
SCIAN 2023,531115,53
SCIAN 2023,531119,53
SCIAN 2023,531210,53
SCIAN 2023,531311,53
SCIAN 2023,531319,53
SCIAN 2023,532110,53
SCIAN 2023,532121,53
SCIAN 2023,532210,53
SCIAN 2023,532281,53
SCIAN 2023,532282,53
SCIAN 2023,532289,53
SCIAN 2023,532310,53
SCIAN 2023,532411,53
SCIAN 2023,532420,53
SCIAN 2023,532491,53
SCIAN 2023,532492,53
SCIAN 2023,532493,53
SCIAN 2023,541110,54
SCIAN 2023,541120,54
SCIAN 2023,541190,54
SCIAN 2023,541211,54
SCIAN 2023,541219,54
SCIAN 2023,541310,54
SCIAN 2023,541320,54
SCIAN 2023,541330,54
SCIAN 2023,541340,54
SCIAN 2023,541350,54
SCIAN 2023,541360,54
SCIAN 2023,541370,54
SCIAN 2023,541380,54
SCIAN 2023,541410,54
SCIAN 2023,541430,54
SCIAN 2023,541490,54
SCIAN 2023,541510,54
SCIAN 2023,541610,54
SCIAN 2023,541620,54
SCIAN 2023,541690,54
SCIAN 2023,541711,54
SCIAN 2023,541712,54
SCIAN 2023,541810,54
SCIAN 2023,541820,54
SCIAN 2023,541840,54
SCIAN 2023,541850,54
SCIAN 2023,541890,54
SCIAN 2023,541920,54
SCIAN 2023,541930,54
SCIAN 2023,541941,54
SCIAN 2023,541942,54
SCIAN 2023,541943,54
SCIAN 2023,541990,54
SCIAN 2023,561110,56
SCIAN 2023,561210,56
SCIAN 2023,561310,56
SCIAN 2023,561320,56
SCIAN 2023,561330,56
SCIAN 2023,561421,56
SCIAN 2023,561422,56
SCIAN 2023,561431,56
SCIAN 2023,561432,56
SCIAN 2023,561440,56
SCIAN 2023,561490,56
SCIAN 2023,561510,56
SCIAN 2023,561520,56
SCIAN 2023,561590,56
SCIAN 2023,561610,56
SCIAN 2023,561620,56
SCIAN 2023,561710,56
SCIAN 2023,561720,56
SCIAN 2023,561730,56
SCIAN 2023,561740,56
SCIAN 2023,561790,56
SCIAN 2023,561920,56
SCIAN 2023,561990,56
SCIAN 2023,562111,56
SCIAN 2023,562121,56
SCIAN 2023,562122,56
SCIAN 2023,562221,56
SCIAN 2023,562911,56
SCIAN 2023,562998,56
SCIAN 2023,611111,61
SCIAN 2023,611112,61
SCIAN 2023,611121,61
SCIAN 2023,611122,61
SCIAN 2023,611131,61
SCIAN 2023,611132,61
SCIAN 2023,611142,61
SCIAN 2023,611151,61
SCIAN 2023,611152,61
SCIAN 2023,611161,61
SCIAN 2023,611162,61
SCIAN 2023,611171,61
SCIAN 2023,611172,61
SCIAN 2023,611181,61
SCIAN 2023,611182,61
SCIAN 2023,611211,61
SCIAN 2023,611212,61
SCIAN 2023,611311,61
SCIAN 2023,611312,61
SCIAN 2023,611411,61
SCIAN 2023,611421,61
SCIAN 2023,611422,61
SCIAN 2023,611431,61
SCIAN 2023,611511,61
SCIAN 2023,611512,61
SCIAN 2023,611611,61
SCIAN 2023,611612,61
SCIAN 2023,611621,61
SCIAN 2023,611622,61
SCIAN 2023,611631,61
SCIAN 2023,611632,61
SCIAN 2023,611691,61
SCIAN 2023,611698,61
SCIAN 2023,611699,61
SCIAN 2023,621111,62
SCIAN 2023,621112,62
SCIAN 2023,621113,62
SCIAN 2023,621115,62
SCIAN 2023,621116,62
SCIAN 2023,621211,62
SCIAN 2023,621212,62
SCIAN 2023,621311,62
SCIAN 2023,621312,62
SCIAN 2023,621320,62
SCIAN 2023,621331,62
SCIAN 2023,621332,62
SCIAN 2023,621341,62
SCIAN 2023,621342,62
SCIAN 2023,621391,62
SCIAN 2023,621398,62
SCIAN 2023,621411,62
SCIAN 2023,621421,62
SCIAN 2023,621491,62
SCIAN 2023,621492,62
SCIAN 2023,621511,62
SCIAN 2023,621512,62
SCIAN 2023,621610,62
SCIAN 2023,621910,62
SCIAN 2023,621991,62
SCIAN 2023,621992,62
SCIAN 2023,622111,62
SCIAN 2023,622112,62
SCIAN 2023,622211,62
SCIAN 2023,622212,62
SCIAN 2023,622311,62
SCIAN 2023,622312,62
SCIAN 2023,623111,62
SCIAN 2023,623112,62
SCIAN 2023,623211,62
SCIAN 2023,623221,62
SCIAN 2023,623311,62
SCIAN 2023,623312,62
SCIAN 2023,623991,62
SCIAN 2023,623992,62
SCIAN 2023,624111,62
SCIAN 2023,624112,62
SCIAN 2023,624121,62
SCIAN 2023,624122,62
SCIAN 2023,624191,62
SCIAN 2023,624198,62
SCIAN 2023,624199,62
SCIAN 2023,624211,62
SCIAN 2023,624212,62
SCIAN 2023,624221,62
SCIAN 2023,624222,62
SCIAN 2023,624311,62
SCIAN 2023,624312,62
SCIAN 2023,624411,62
SCIAN 2023,624412,62
SCIAN 2023,711111,71
SCIAN 2023,711121,71
SCIAN 2023,711131,71
SCIAN 2023,711132,71
SCIAN 2023,711212,71
SCIAN 2023,711311,71
SCIAN 2023,711312,71
SCIAN 2023,711410,71
SCIAN 2023,711510,71
SCIAN 2023,712111,71
SCIAN 2023,712112,71
SCIAN 2023,712131,71
SCIAN 2023,712132,71
SCIAN 2023,713111,71
SCIAN 2023,713112,71
SCIAN 2023,713113,71
SCIAN 2023,713114,71
SCIAN 2023,713120,71
SCIAN 2023,713291,71
SCIAN 2023,713299,71
SCIAN 2023,713910,71
SCIAN 2023,713941,71
SCIAN 2023,713942,71
SCIAN 2023,713943,71
SCIAN 2023,713944,71
SCIAN 2023,713950,71
SCIAN 2023,713991,71
SCIAN 2023,713992,71
SCIAN 2023,713998,71
SCIAN 2023,721111,72
SCIAN 2023,721112,72
SCIAN 2023,721113,72
SCIAN 2023,721190,72
SCIAN 2023,721210,72
SCIAN 2023,721311,72
SCIAN 2023,722310,72
SCIAN 2023,722320,72
SCIAN 2023,722330,72
SCIAN 2023,722411,72
SCIAN 2023,722412,72
SCIAN 2023,722511,72
SCIAN 2023,722512,72
SCIAN 2023,722513,72
SCIAN 2023,722514,72
SCIAN 2023,722515,72
SCIAN 2023,722516,72
SCIAN 2023,722517,72
SCIAN 2023,722518,72
SCIAN 2023,722519,72
SCIAN 2023,811111,81
SCIAN 2023,811112,81
SCIAN 2023,811113,81
SCIAN 2023,811114,81
SCIAN 2023,811115,81
SCIAN 2023,811116,81
SCIAN 2023,811119,81
SCIAN 2023,811121,81
SCIAN 2023,811122,81
SCIAN 2023,811123,81
SCIAN 2023,811129,81
SCIAN 2023,811191,81
SCIAN 2023,811192,81
SCIAN 2023,811199,81
SCIAN 2023,811211,81
SCIAN 2023,811219,81
SCIAN 2023,811311,81
SCIAN 2023,811312,81
SCIAN 2023,811313,81
SCIAN 2023,811314,81
SCIAN 2023,811410,81
SCIAN 2023,811420,81
SCIAN 2023,811430,81
SCIAN 2023,811491,81
SCIAN 2023,811492,81
SCIAN 2023,811493,81
SCIAN 2023,811499,81
SCIAN 2023,812110,81
SCIAN 2023,812120,81
SCIAN 2023,812130,81
SCIAN 2023,812210,81
SCIAN 2023,812310,81
SCIAN 2023,812321,81
SCIAN 2023,812322,81
SCIAN 2023,812410,81
SCIAN 2023,812910,81
SCIAN 2023,812990,81
SCIAN 2023,813110,81
SCIAN 2023,813120,81
SCIAN 2023,813130,81
SCIAN 2023,813140,81
SCIAN 2023,813210,81
SCIAN 2023,813230,81
