Unidad_homologada,SCIAN 2007,SCIAN 2013,SCIAN 2018,SCIAN 2023,Versiones_con_representacion
FL01,82,83,84,84,4
FL02,4,5,2,2,4
FL03,1,2,2,2,4
FL04,2,3,3,3,4
FL05,2,3,3,3,4
FL06,2,6,6,6,4
FL07,1,2,2,2,4
FL08,1,2,2,2,4
FL09,3,3,4,4,4
FL10,1,1,2,2,4
FL11,2,2,7,7,4
FL12,13,17,17,15,4
UH0034,1,1,1,1,4
UH0035,1,1,1,1,4
UH0036,1,1,1,1,4
UH0037,1,1,1,1,4
UH0038,1,1,1,1,4
UH0039,1,1,1,1,4
UH0040,1,1,1,1,4
UH0041,1,1,1,1,4
UH0042,1,1,1,1,4
UH0043,1,1,1,1,4
UH0044,1,1,1,1,4
UH0045,1,1,1,1,4
UH0046,1,1,1,1,4
UH0047,1,1,1,1,4
UH0048,1,1,1,1,4
UH0049,1,1,1,1,4
UH0050,1,1,1,1,4
UH0051,1,1,1,1,4
UH0052,1,1,1,1,4
UH0053,1,1,1,1,4
UH0054,1,1,1,1,4
UH0055,1,1,1,1,4
UH0056,1,1,1,1,4
UH0057,1,1,1,1,4
UH0058,1,1,1,1,4
UH0059,1,1,1,1,4
UH0060,1,1,1,1,4
UH0061,1,1,1,1,4
UH0062,1,1,1,1,4
UH0063,1,1,1,1,4
UH0064,1,1,1,1,4
UH0065,1,1,1,1,4
UH0066,1,1,1,1,4
UH0067,1,1,1,1,4
UH0068,1,1,1,1,4
UH0069,1,1,1,1,4
UH0070,1,1,1,1,4
UH0071,1,1,1,1,4
UH0072,1,1,1,1,4
UH0073,1,1,1,1,4
UH0074,1,1,1,1,4
UH0075,2,2,1,1,4
UH0076,1,1,1,1,4
UH0077,2,1,1,1,4
UH0078,1,1,1,1,4
UH0079,1,1,1,1,4
UH0080,1,1,1,1,4
UH0081,1,1,1,1,4
UH0082,1,1,1,1,4
UH0083,1,1,1,1,4
UH0084,1,1,1,1,4
UH0085,1,1,1,1,4
UH0086,1,1,1,1,4
UH0087,1,1,1,1,4
UH0088,1,1,1,1,4
UH0089,1,1,1,1,4
UH0090,1,1,1,1,4
UH0091,1,1,1,1,4
UH0092,1,1,1,1,4
UH0093,1,1,1,1,4
UH0094,1,1,1,1,4
UH0095,1,1,1,1,4
UH0096,1,1,1,1,4
UH0097,1,1,1,1,4
UH0098,1,1,1,1,4
UH0099,1,1,1,1,4
UH0100,1,1,1,1,4
UH0101,1,1,1,1,4
UH0102,1,1,1,1,4
UH0103,1,1,1,1,4
UH0104,1,1,1,1,4
UH0105,1,1,1,1,4
UH0106,1,1,1,1,4
UH0107,1,1,1,1,4
UH0108,1,1,1,1,4
UH0109,1,1,1,1,4
UH0110,1,1,1,1,4
UH0111,1,1,1,1,4
UH0112,1,1,1,1,4
UH0113,1,1,1,1,4
UH0114,3,3,1,1,4
UH0115,1,1,1,1,4
UH0116,1,1,1,1,4
UH0117,1,1,1,1,4
UH0118,1,1,1,1,4
UH0119,1,1,1,1,4
UH0120,1,1,1,1,4
UH0121,1,1,1,1,4
UH0122,1,1,1,1,4
UH0123,1,1,1,1,4
UH0124,1,1,1,1,4
UH0125,1,1,1,1,4
UH0126,1,1,1,1,4
UH0127,1,1,1,1,4
UH0128,1,1,1,1,4
UH0129,1,1,1,1,4
UH0130,1,1,1,1,4
UH0131,1,1,1,1,4
UH0132,1,1,1,1,4
UH0133,1,1,1,1,4
UH0134,1,1,1,1,4
UH0135,1,1,1,1,4
UH0136,1,1,1,1,4
UH0137,1,1,1,1,4
UH0138,1,1,1,1,4
UH0139,1,1,1,1,4
UH0140,1,1,1,1,4
UH0141,1,1,1,1,4
UH0142,1,1,1,1,4
UH0143,1,1,1,1,4
UH0144,1,1,1,1,4
UH0145,1,1,1,1,4
UH0146,1,1,1,1,4
UH0147,1,1,1,1,4
UH0148,1,1,1,1,4
UH0149,1,1,1,1,4
UH0150,1,1,1,1,4
UH0151,1,1,1,1,4
UH0152,1,1,1,1,4
UH0153,1,1,1,1,4
UH0154,1,1,1,1,4
UH0155,1,1,1,1,4
UH0156,1,1,1,1,4
UH0157,1,1,1,1,4
UH0158,1,1,1,1,4
UH0159,1,1,1,1,4
UH0160,1,1,1,1,4
UH0161,1,1,1,1,4
UH0162,1,1,1,1,4
UH0163,1,1,1,1,4
UH0164,1,1,1,1,4
UH0165,1,1,1,1,4
UH0166,1,1,1,1,4
UH0167,1,1,1,1,4
UH0168,1,1,1,1,4
UH0169,1,1,1,1,4
UH0170,1,1,1,1,4
UH0171,1,1,1,1,4
UH0172,1,1,1,1,4
UH0173,1,1,1,1,4
UH0174,1,1,1,1,4
UH0175,1,1,1,1,4
UH0176,1,1,1,1,4
UH0177,1,1,1,1,4
UH0178,1,1,1,1,4
UH0179,1,1,1,1,4
UH0180,1,1,1,1,4
UH0181,1,1,1,1,4
UH0182,1,1,1,1,4
UH0183,1,1,1,1,4
UH0184,1,1,1,1,4
UH0185,1,1,1,1,4
UH0186,1,1,1,1,4
UH0187,1,1,1,1,4
UH0188,1,1,1,1,4
UH0189,1,1,1,1,4
UH0190,1,1,1,1,4
UH0191,1,1,1,1,4
UH0192,1,1,1,1,4
UH0193,1,1,1,1,4
UH0194,1,1,1,1,4
UH0195,1,1,1,1,4
UH0196,1,1,1,1,4
UH0197,1,1,1,1,4
UH0198,1,1,1,1,4
UH0199,1,1,1,1,4
UH0200,1,1,1,1,4
UH0201,1,1,1,1,4
UH0202,1,1,1,1,4
UH0203,1,1,1,1,4
UH0204,1,1,1,1,4
UH0205,1,1,1,1,4
UH0206,1,1,1,1,4
UH0207,1,1,1,1,4
UH0208,1,1,1,1,4
UH0209,1,1,1,1,4
UH0210,1,1,1,1,4
UH0211,1,1,1,1,4
UH0212,1,1,1,1,4
UH0213,1,1,1,1,4
UH0214,1,1,1,1,4
UH0215,1,1,1,1,4
UH0216,1,1,1,1,4
UH0217,1,1,1,1,4
UH0218,1,1,1,1,4
UH0219,1,1,1,1,4
UH0220,1,1,1,1,4
UH0221,1,1,1,1,4
UH0222,1,1,1,1,4
UH0223,1,1,1,1,4
UH0224,1,1,1,1,4
UH0225,1,1,1,1,4
UH0226,1,1,1,1,4
UH0227,1,1,1,1,4
UH0228,1,1,1,1,4
UH0229,1,1,1,1,4
UH0230,1,1,1,1,4
UH0231,1,1,1,1,4
UH0232,1,1,1,1,4
UH0233,1,1,1,1,4
UH0234,1,1,1,1,4
UH0235,1,1,1,1,4
UH0236,1,1,1,1,4
UH0237,1,1,1,1,4
UH0238,1,1,1,1,4
UH0239,1,1,1,1,4
UH0240,1,1,1,1,4
UH0241,1,1,1,1,4
UH0242,1,1,1,1,4
UH0243,1,1,1,1,4
UH0244,1,1,1,1,4
UH0245,1,1,1,1,4
UH0246,1,1,1,1,4
UH0247,1,1,1,1,4
UH0248,1,1,1,1,4
UH0249,1,1,1,1,4
UH0250,1,1,1,1,4
UH0251,1,1,1,1,4
UH0252,1,1,1,1,4
UH0253,1,1,1,1,4
UH0254,1,1,1,1,4
UH0255,1,1,1,1,4
UH0256,1,1,1,1,4
UH0257,1,1,1,1,4
UH0258,1,1,1,1,4
UH0259,1,1,1,1,4
UH0260,1,1,1,1,4
UH0261,1,1,1,1,4
UH0262,1,1,1,1,4
UH0263,1,1,1,1,4
UH0264,1,1,1,1,4
UH0265,1,1,1,1,4
UH0266,1,1,1,1,4
UH0267,1,1,1,1,4
UH0268,1,1,1,1,4
UH0269,1,1,1,1,4
UH0270,1,1,1,1,4
UH0271,1,1,1,1,4
UH0272,1,1,1,1,4
UH0273,1,1,1,1,4
UH0274,1,1,1,1,4
UH0275,1,1,1,1,4
UH0276,1,1,1,1,4
UH0277,1,1,1,1,4
UH0278,1,1,1,1,4
UH0279,1,1,1,1,4
UH0280,1,1,1,1,4
UH0281,1,1,1,1,4
UH0282,1,1,1,1,4
UH0283,1,1,1,1,4
UH0284,1,1,1,1,4
UH0285,1,1,1,1,4
UH0286,1,1,1,1,4
UH0287,1,1,1,1,4
UH0288,1,1,1,1,4
UH0289,1,1,1,1,4
UH0290,1,1,1,1,4
UH0291,1,1,1,1,4
UH0292,1,1,1,1,4
UH0293,1,1,1,1,4
UH0294,1,1,1,1,4
UH0295,1,1,1,1,4
UH0296,1,1,1,1,4
UH0297,1,1,1,1,4
UH0298,1,1,1,1,4
UH0299,1,1,1,1,4
UH0300,1,1,1,1,4
UH0301,1,1,1,1,4
UH0302,1,1,1,1,4
UH0303,1,1,1,1,4
UH0304,1,1,1,1,4
UH0305,1,1,1,1,4
UH0306,1,1,1,1,4
UH0307,1,1,1,1,4
UH0308,1,1,1,1,4
UH0309,1,1,1,1,4
UH0310,1,1,1,1,4
UH0311,1,1,1,1,4
UH0312,1,1,1,1,4
UH0313,1,1,1,1,4
UH0314,1,1,1,1,4
UH0315,1,1,1,1,4
UH0316,1,1,1,1,4
UH0317,1,1,1,1,4
UH0318,1,1,1,1,4
UH0319,1,1,1,1,4
UH0320,1,1,1,1,4
UH0321,1,1,1,1,4
UH0322,1,1,1,1,4
UH0323,1,1,1,1,4
UH0324,1,1,1,1,4
UH0325,1,1,1,1,4
UH0326,1,1,1,1,4
UH0327,1,1,1,1,4
UH0328,1,1,1,1,4
UH0329,1,1,1,1,4
UH0330,1,1,1,1,4
UH0331,1,1,1,1,4
UH0332,1,1,1,1,4
UH0333,1,1,1,1,4
UH0334,1,1,1,1,4
UH0335,1,1,1,1,4
UH0336,1,1,1,1,4
UH0337,1,1,1,1,4
UH0338,1,1,1,1,4
UH0339,1,1,1,1,4
UH0340,1,1,1,1,4
UH0341,1,1,1,1,4
UH0342,1,1,1,1,4
UH0343,1,1,1,1,4
UH0344,1,1,1,1,4
UH0345,1,1,1,1,4
UH0346,1,1,1,1,4
UH0347,1,1,1,1,4
UH0348,1,1,1,1,4
UH0349,1,1,1,1,4
UH0350,1,1,8,8,4
UH0370,1,1,1,1,4
UH0371,1,1,1,1,4
UH0372,1,1,1,1,4
UH0373,1,1,1,1,4
UH0374,1,1,1,1,4
UH0375,1,1,1,1,4
UH0376,1,1,1,1,4
UH0378,1,1,1,1,4
UH0379,1,1,1,1,4
UH0380,1,1,1,1,4
UH0381,1,1,1,1,4
UH0382,1,1,1,1,4
UH0383,1,1,1,1,4
UH0384,1,1,1,1,4
UH0385,1,1,1,1,4
UH0386,1,1,1,1,4
UH0387,1,1,1,1,4
UH0389,1,1,1,1,4
UH0390,1,1,1,1,4
UH0391,1,1,1,1,4
UH0392,1,1,1,1,4
