Unidad_homologada,Version_SCIAN,SCIAN_original,Origen_asignacion
FL09,SCIAN 2007,336210,Grafo homologación
FL09,SCIAN 2007,811121,Grafo homologación
FL09,SCIAN 2007,811129,Grafo homologación
FL09,SCIAN 2013,336210,Grafo homologación
FL09,SCIAN 2013,811121,Grafo homologación
FL09,SCIAN 2013,811129,Grafo homologación
FL09,SCIAN 2018,336210,Grafo homologación
FL09,SCIAN 2018,811121,Grafo homologación
FL09,SCIAN 2018,811123,Grafo homologación
FL09,SCIAN 2018,811129,Grafo homologación
FL09,SCIAN 2023,336210,Grafo homologación
FL09,SCIAN 2023,811121,Grafo homologación
FL09,SCIAN 2023,811123,Grafo homologación
FL09,SCIAN 2023,811129,Grafo homologación
FL01,SCIAN 2007,461110,Grafo homologación
FL01,SCIAN 2007,461121,Grafo homologación
FL01,SCIAN 2007,461122,Grafo homologación
FL01,SCIAN 2007,461123,Grafo homologación
FL01,SCIAN 2007,461130,Grafo homologación
FL01,SCIAN 2007,461140,Grafo homologación
FL01,SCIAN 2007,461150,Grafo homologación
FL01,SCIAN 2007,461160,Grafo homologación
FL01,SCIAN 2007,461170,Grafo homologación
FL01,SCIAN 2007,461190,Grafo homologación
FL01,SCIAN 2007,461211,Grafo homologación
FL01,SCIAN 2007,461212,Grafo homologación
FL01,SCIAN 2007,461213,Grafo homologación
FL01,SCIAN 2007,461220,Grafo homologación
FL01,SCIAN 2007,462111,Grafo homologación
FL01,SCIAN 2007,462112,Grafo homologación
FL01,SCIAN 2007,462210,Grafo homologación
FL01,SCIAN 2007,463111,Grafo homologación
FL01,SCIAN 2007,463112,Grafo homologación
FL01,SCIAN 2007,463113,Grafo homologación
FL01,SCIAN 2007,463211,Grafo homologación
FL01,SCIAN 2007,463212,Grafo homologación
FL01,SCIAN 2007,463213,Grafo homologación
FL01,SCIAN 2007,463214,Grafo homologación
FL01,SCIAN 2007,463215,Grafo homologación
FL01,SCIAN 2007,463216,Grafo homologación
FL01,SCIAN 2007,463217,Grafo homologación
FL01,SCIAN 2007,463218,Grafo homologación
FL01,SCIAN 2007,463310,Grafo homologación
FL01,SCIAN 2007,464111,Grafo homologación
FL01,SCIAN 2007,464112,Grafo homologación
FL01,SCIAN 2007,464113,Grafo homologación
FL01,SCIAN 2007,464121,Grafo homologación
FL01,SCIAN 2007,464122,Grafo homologación
FL01,SCIAN 2007,465111,Grafo homologación
FL01,SCIAN 2007,465112,Grafo homologación
FL01,SCIAN 2007,465211,Grafo homologación
FL01,SCIAN 2007,465212,Grafo homologación
FL01,SCIAN 2007,465213,Grafo homologación
FL01,SCIAN 2007,465214,Grafo homologación
FL01,SCIAN 2007,465215,Grafo homologación
FL01,SCIAN 2007,465216,Grafo homologación
FL01,SCIAN 2007,465311,Grafo homologación
FL01,SCIAN 2007,465312,Grafo homologación
FL01,SCIAN 2007,465313,Grafo homologación
FL01,SCIAN 2007,465911,Grafo homologación
FL01,SCIAN 2007,465912,Grafo homologación
FL01,SCIAN 2007,465913,Grafo homologación
FL01,SCIAN 2007,465914,Grafo homologación
FL01,SCIAN 2007,465915,Grafo homologación
FL01,SCIAN 2007,465919,Grafo homologación
FL01,SCIAN 2007,466111,Grafo homologación
FL01,SCIAN 2007,466112,Grafo homologación
FL01,SCIAN 2007,466113,Grafo homologación
FL01,SCIAN 2007,466114,Grafo homologación
FL01,SCIAN 2007,466211,Grafo homologación
FL01,SCIAN 2007,466212,Grafo homologación
FL01,SCIAN 2007,466311,Grafo homologación
FL01,SCIAN 2007,466312,Grafo homologación
FL01,SCIAN 2007,466313,Grafo homologación
FL01,SCIAN 2007,466314,Grafo homologación
FL01,SCIAN 2007,466319,Grafo homologación
FL01,SCIAN 2007,466410,Grafo homologación
FL01,SCIAN 2007,467111,Grafo homologación
FL01,SCIAN 2007,467112,Grafo homologación
FL01,SCIAN 2007,467113,Grafo homologación
FL01,SCIAN 2007,467114,Grafo homologación
FL01,SCIAN 2007,467115,Grafo homologación
FL01,SCIAN 2007,467116,Grafo homologación
FL01,SCIAN 2007,467117,Grafo homologación
FL01,SCIAN 2007,468111,Grafo homologación
FL01,SCIAN 2007,468112,Grafo homologación
FL01,SCIAN 2007,468211,Grafo homologación
FL01,SCIAN 2007,468212,Grafo homologación
FL01,SCIAN 2007,468213,Grafo homologación
FL01,SCIAN 2007,468311,Grafo homologación
FL01,SCIAN 2007,468411,Grafo homologación
FL01,SCIAN 2007,468412,Grafo homologación
FL01,SCIAN 2007,468413,Grafo homologación
FL01,SCIAN 2007,468419,Grafo homologación
FL01,SCIAN 2007,468420,Grafo homologación
FL01,SCIAN 2007,469110,Grafo homologación
FL01,SCIAN 2013,461110,Grafo homologación
FL01,SCIAN 2013,461121,Grafo homologación
FL01,SCIAN 2013,461122,Grafo homologación
FL01,SCIAN 2013,461123,Grafo homologación
FL01,SCIAN 2013,461130,Grafo homologación
FL01,SCIAN 2013,461140,Grafo homologación
FL01,SCIAN 2013,461150,Grafo homologación
FL01,SCIAN 2013,461160,Grafo homologación
FL01,SCIAN 2013,461170,Grafo homologación
FL01,SCIAN 2013,461190,Grafo homologación
FL01,SCIAN 2013,461211,Grafo homologación
FL01,SCIAN 2013,461212,Grafo homologación
FL01,SCIAN 2013,461213,Grafo homologación
FL01,SCIAN 2013,461220,Grafo homologación
FL01,SCIAN 2013,462111,Grafo homologación
FL01,SCIAN 2013,462112,Grafo homologación
FL01,SCIAN 2013,462210,Grafo homologación
FL01,SCIAN 2013,463111,Grafo homologación
FL01,SCIAN 2013,463112,Grafo homologación
FL01,SCIAN 2013,463113,Grafo homologación
FL01,SCIAN 2013,463211,Grafo homologación
FL01,SCIAN 2013,463212,Grafo homologación
FL01,SCIAN 2013,463213,Grafo homologación
FL01,SCIAN 2013,463214,Grafo homologación
FL01,SCIAN 2013,463215,Grafo homologación
FL01,SCIAN 2013,463216,Grafo homologación
FL01,SCIAN 2013,463217,Grafo homologación
FL01,SCIAN 2013,463218,Grafo homologación
FL01,SCIAN 2013,463310,Grafo homologación
FL01,SCIAN 2013,464111,Grafo homologación
FL01,SCIAN 2013,464112,Grafo homologación
FL01,SCIAN 2013,464113,Grafo homologación
FL01,SCIAN 2013,464121,Grafo homologación
FL01,SCIAN 2013,464122,Grafo homologación
FL01,SCIAN 2013,465111,Grafo homologación
FL01,SCIAN 2013,465112,Grafo homologación
FL01,SCIAN 2013,465211,Grafo homologación
FL01,SCIAN 2013,465212,Grafo homologación
FL01,SCIAN 2013,465213,Grafo homologación
FL01,SCIAN 2013,465214,Grafo homologación
FL01,SCIAN 2013,465215,Grafo homologación
FL01,SCIAN 2013,465216,Grafo homologación
FL01,SCIAN 2013,465311,Grafo homologación
FL01,SCIAN 2013,465312,Grafo homologación
FL01,SCIAN 2013,465313,Grafo homologación
FL01,SCIAN 2013,465911,Grafo homologación
FL01,SCIAN 2013,465912,Grafo homologación
FL01,SCIAN 2013,465913,Grafo homologación
FL01,SCIAN 2013,465914,Grafo homologación
FL01,SCIAN 2013,465915,Grafo homologación
FL01,SCIAN 2013,465919,Grafo homologación
FL01,SCIAN 2013,466111,Grafo homologación
FL01,SCIAN 2013,466112,Grafo homologación
FL01,SCIAN 2013,466113,Grafo homologación
FL01,SCIAN 2013,466114,Grafo homologación
FL01,SCIAN 2013,466211,Grafo homologación
FL01,SCIAN 2013,466212,Grafo homologación
FL01,SCIAN 2013,466311,Grafo homologación
FL01,SCIAN 2013,466312,Grafo homologación
FL01,SCIAN 2013,466313,Grafo homologación
FL01,SCIAN 2013,466314,Grafo homologación
FL01,SCIAN 2013,466319,Grafo homologación
FL01,SCIAN 2013,466410,Grafo homologación
FL01,SCIAN 2013,467111,Grafo homologación
FL01,SCIAN 2013,467112,Grafo homologación
FL01,SCIAN 2013,467113,Grafo homologación
FL01,SCIAN 2013,467114,Grafo homologación
FL01,SCIAN 2013,467115,Grafo homologación
FL01,SCIAN 2013,467116,Grafo homologación
FL01,SCIAN 2013,467117,Grafo homologación
FL01,SCIAN 2013,468111,Grafo homologación
FL01,SCIAN 2013,468112,Grafo homologación
FL01,SCIAN 2013,468211,Grafo homologación
FL01,SCIAN 2013,468212,Grafo homologación
FL01,SCIAN 2013,468213,Grafo homologación
FL01,SCIAN 2013,468311,Grafo homologación
FL01,SCIAN 2013,468319,Grafo homologación
FL01,SCIAN 2013,468411,Grafo homologación
FL01,SCIAN 2013,468412,Grafo homologación
FL01,SCIAN 2013,468413,Grafo homologación
FL01,SCIAN 2013,468419,Grafo homologación
FL01,SCIAN 2013,468420,Grafo homologación
FL01,SCIAN 2013,469110,Grafo homologación
FL01,SCIAN 2018,461110,Grafo homologación
FL01,SCIAN 2018,461121,Grafo homologación
FL01,SCIAN 2018,461122,Grafo homologación
FL01,SCIAN 2018,461123,Grafo homologación
FL01,SCIAN 2018,461130,Grafo homologación
FL01,SCIAN 2018,461140,Grafo homologación
FL01,SCIAN 2018,461150,Grafo homologación
FL01,SCIAN 2018,461160,Grafo homologación
FL01,SCIAN 2018,461170,Grafo homologación
FL01,SCIAN 2018,461190,Grafo homologación
FL01,SCIAN 2018,461211,Grafo homologación
FL01,SCIAN 2018,461212,Grafo homologación
FL01,SCIAN 2018,461213,Grafo homologación
FL01,SCIAN 2018,461220,Grafo homologación
FL01,SCIAN 2018,462111,Grafo homologación
FL01,SCIAN 2018,462112,Grafo homologación
FL01,SCIAN 2018,462210,Grafo homologación
FL01,SCIAN 2018,463111,Grafo homologación
FL01,SCIAN 2018,463112,Grafo homologación
FL01,SCIAN 2018,463113,Grafo homologación
FL01,SCIAN 2018,463211,Grafo homologación
FL01,SCIAN 2018,463212,Grafo homologación
FL01,SCIAN 2018,463213,Grafo homologación
FL01,SCIAN 2018,463214,Grafo homologación
FL01,SCIAN 2018,463215,Grafo homologación
FL01,SCIAN 2018,463216,Grafo homologación
FL01,SCIAN 2018,463217,Grafo homologación
FL01,SCIAN 2018,463218,Grafo homologación
FL01,SCIAN 2018,463310,Grafo homologación
FL01,SCIAN 2018,464111,Grafo homologación
FL01,SCIAN 2018,464112,Grafo homologación
FL01,SCIAN 2018,464113,Grafo homologación
FL01,SCIAN 2018,464121,Grafo homologación
FL01,SCIAN 2018,464122,Grafo homologación
FL01,SCIAN 2018,465111,Grafo homologación
FL01,SCIAN 2018,465112,Grafo homologación
FL01,SCIAN 2018,465211,Grafo homologación
FL01,SCIAN 2018,465212,Grafo homologación
FL01,SCIAN 2018,465213,Grafo homologación
FL01,SCIAN 2018,465214,Grafo homologación
FL01,SCIAN 2018,465215,Grafo homologación
FL01,SCIAN 2018,465216,Grafo homologación
FL01,SCIAN 2018,465311,Grafo homologación
FL01,SCIAN 2018,465312,Grafo homologación
FL01,SCIAN 2018,465313,Grafo homologación
FL01,SCIAN 2018,465911,Grafo homologación
FL01,SCIAN 2018,465912,Grafo homologación
FL01,SCIAN 2018,465913,Grafo homologación
FL01,SCIAN 2018,465914,Grafo homologación
FL01,SCIAN 2018,465915,Grafo homologación
FL01,SCIAN 2018,465919,Grafo homologación
FL01,SCIAN 2018,466111,Grafo homologación
FL01,SCIAN 2018,466112,Grafo homologación
FL01,SCIAN 2018,466113,Grafo homologación
FL01,SCIAN 2018,466114,Grafo homologación
FL01,SCIAN 2018,466211,Grafo homologación
FL01,SCIAN 2018,466212,Grafo homologación
FL01,SCIAN 2018,466311,Grafo homologación
FL01,SCIAN 2018,466312,Grafo homologación
FL01,SCIAN 2018,466313,Grafo homologación
FL01,SCIAN 2018,466314,Grafo homologación
FL01,SCIAN 2018,466319,Grafo homologación
FL01,SCIAN 2018,466410,Grafo homologación
FL01,SCIAN 2018,467111,Grafo homologación
FL01,SCIAN 2018,467112,Grafo homologación
FL01,SCIAN 2018,467113,Grafo homologación
FL01,SCIAN 2018,467114,Grafo homologación
FL01,SCIAN 2018,467115,Grafo homologación
FL01,SCIAN 2018,467116,Grafo homologación
FL01,SCIAN 2018,467117,Grafo homologación
FL01,SCIAN 2018,468111,Grafo homologación
FL01,SCIAN 2018,468112,Grafo homologación
FL01,SCIAN 2018,468211,Grafo homologación
FL01,SCIAN 2018,468212,Grafo homologación
FL01,SCIAN 2018,468213,Grafo homologación
FL01,SCIAN 2018,468311,Grafo homologación
FL01,SCIAN 2018,468319,Grafo homologación
FL01,SCIAN 2018,468411,Grafo homologación
FL01,SCIAN 2018,468412,Grafo homologación
FL01,SCIAN 2018,468413,Grafo homologación
FL01,SCIAN 2018,468414,Grafo homologación
FL01,SCIAN 2018,468419,Grafo homologación
FL01,SCIAN 2018,468420,Grafo homologación
FL01,SCIAN 2018,469110,Grafo homologación
FL01,SCIAN 2023,461110,Grafo homologación
FL01,SCIAN 2023,461121,Grafo homologación
FL01,SCIAN 2023,461122,Grafo homologación
FL01,SCIAN 2023,461123,Grafo homologación
FL01,SCIAN 2023,461130,Grafo homologación
FL01,SCIAN 2023,461140,Grafo homologación
FL01,SCIAN 2023,461150,Grafo homologación
FL01,SCIAN 2023,461160,Grafo homologación
FL01,SCIAN 2023,461170,Grafo homologación
FL01,SCIAN 2023,461190,Grafo homologación
FL01,SCIAN 2023,461211,Grafo homologación
FL01,SCIAN 2023,461212,Grafo homologación
FL01,SCIAN 2023,461213,Grafo homologación
FL01,SCIAN 2023,461220,Grafo homologación
FL01,SCIAN 2023,462111,Grafo homologación
FL01,SCIAN 2023,462112,Grafo homologación
FL01,SCIAN 2023,462210,Grafo homologación
FL01,SCIAN 2023,463111,Grafo homologación
FL01,SCIAN 2023,463112,Grafo homologación
FL01,SCIAN 2023,463113,Grafo homologación
FL01,SCIAN 2023,463211,Grafo homologación
FL01,SCIAN 2023,463212,Grafo homologación
FL01,SCIAN 2023,463213,Grafo homologación
FL01,SCIAN 2023,463214,Grafo homologación
FL01,SCIAN 2023,463215,Grafo homologación
FL01,SCIAN 2023,463216,Grafo homologación
FL01,SCIAN 2023,463217,Grafo homologación
FL01,SCIAN 2023,463218,Grafo homologación
FL01,SCIAN 2023,463310,Grafo homologación
FL01,SCIAN 2023,464111,Grafo homologación
FL01,SCIAN 2023,464112,Grafo homologación
FL01,SCIAN 2023,464113,Grafo homologación
FL01,SCIAN 2023,464121,Grafo homologación
FL01,SCIAN 2023,464122,Grafo homologación
FL01,SCIAN 2023,465111,Grafo homologación
FL01,SCIAN 2023,465112,Grafo homologación
FL01,SCIAN 2023,465211,Grafo homologación
FL01,SCIAN 2023,465212,Grafo homologación
FL01,SCIAN 2023,465213,Grafo homologación
FL01,SCIAN 2023,465214,Grafo homologación
FL01,SCIAN 2023,465215,Grafo homologación
FL01,SCIAN 2023,465216,Grafo homologación
FL01,SCIAN 2023,465311,Grafo homologación
FL01,SCIAN 2023,465312,Grafo homologación
FL01,SCIAN 2023,465313,Grafo homologación
FL01,SCIAN 2023,465911,Grafo homologación
FL01,SCIAN 2023,465912,Grafo homologación
FL01,SCIAN 2023,465913,Grafo homologación
FL01,SCIAN 2023,465914,Grafo homologación
FL01,SCIAN 2023,465915,Grafo homologación
FL01,SCIAN 2023,465919,Grafo homologación
FL01,SCIAN 2023,466111,Grafo homologación
FL01,SCIAN 2023,466112,Grafo homologación
FL01,SCIAN 2023,466113,Grafo homologación
FL01,SCIAN 2023,466114,Grafo homologación
FL01,SCIAN 2023,466211,Grafo homologación
FL01,SCIAN 2023,466212,Grafo homologación
FL01,SCIAN 2023,466311,Grafo homologación
FL01,SCIAN 2023,466312,Grafo homologación
FL01,SCIAN 2023,466313,Grafo homologación
FL01,SCIAN 2023,466314,Grafo homologación
FL01,SCIAN 2023,466319,Grafo homologación
FL01,SCIAN 2023,466410,Grafo homologación
FL01,SCIAN 2023,467111,Grafo homologación
FL01,SCIAN 2023,467112,Grafo homologación
FL01,SCIAN 2023,467113,Grafo homologación
FL01,SCIAN 2023,467114,Grafo homologación
FL01,SCIAN 2023,467115,Grafo homologación
FL01,SCIAN 2023,467116,Grafo homologación
FL01,SCIAN 2023,467117,Grafo homologación
FL01,SCIAN 2023,468111,Grafo homologación
FL01,SCIAN 2023,468112,Grafo homologación
FL01,SCIAN 2023,468211,Grafo homologación
FL01,SCIAN 2023,468212,Grafo homologación
FL01,SCIAN 2023,468213,Grafo homologación
FL01,SCIAN 2023,468311,Grafo homologación
FL01,SCIAN 2023,468319,Grafo homologación
FL01,SCIAN 2023,468411,Grafo homologación
FL01,SCIAN 2023,468412,Grafo homologación
FL01,SCIAN 2023,468413,Grafo homologación
FL01,SCIAN 2023,468414,Grafo homologación
FL01,SCIAN 2023,468419,Grafo homologación
FL01,SCIAN 2023,468420,Grafo homologación
FL01,SCIAN 2023,469110,Grafo homologación
UH0034,SCIAN 2007,481111,Grafo homologación
UH0034,SCIAN 2013,481111,Grafo homologación
UH0034,SCIAN 2018,481111,Grafo homologación
UH0034,SCIAN 2023,481111,Grafo homologación
UH0035,SCIAN 2007,481210,Grafo homologación
UH0035,SCIAN 2013,481210,Grafo homologación
UH0035,SCIAN 2018,481210,Grafo homologación
UH0035,SCIAN 2023,481210,Grafo homologación
UH0036,SCIAN 2007,482110,Grafo homologación
UH0036,SCIAN 2013,482110,Grafo homologación
UH0036,SCIAN 2018,482110,Grafo homologación
UH0036,SCIAN 2023,482110,Grafo homologación
UH0037,SCIAN 2007,484119,Grafo homologación
UH0037,SCIAN 2013,484119,Grafo homologación
UH0037,SCIAN 2018,484119,Grafo homologación
UH0037,SCIAN 2023,484119,Grafo homologación
UH0038,SCIAN 2007,484121,Grafo homologación
UH0038,SCIAN 2013,484121,Grafo homologación
UH0038,SCIAN 2018,484121,Grafo homologación
UH0038,SCIAN 2023,484121,Grafo homologación
UH0039,SCIAN 2007,484129,Grafo homologación
UH0039,SCIAN 2013,484129,Grafo homologación
UH0039,SCIAN 2018,484129,Grafo homologación
UH0039,SCIAN 2023,484129,Grafo homologación
UH0040,SCIAN 2007,484210,Grafo homologación
UH0040,SCIAN 2013,484210,Grafo homologación
UH0040,SCIAN 2018,484210,Grafo homologación
UH0040,SCIAN 2023,484210,Grafo homologación
UH0041,SCIAN 2007,484221,Grafo homologación
UH0041,SCIAN 2013,484221,Grafo homologación
UH0041,SCIAN 2018,484221,Grafo homologación
UH0041,SCIAN 2023,484221,Grafo homologación
UH0042,SCIAN 2007,484222,Grafo homologación
UH0042,SCIAN 2013,484222,Grafo homologación
UH0042,SCIAN 2018,484222,Grafo homologación
UH0042,SCIAN 2023,484222,Grafo homologación
UH0043,SCIAN 2007,484229,Grafo homologación
UH0043,SCIAN 2013,484229,Grafo homologación
UH0043,SCIAN 2018,484229,Grafo homologación
UH0043,SCIAN 2023,484229,Grafo homologación
UH0044,SCIAN 2007,484231,Grafo homologación
UH0044,SCIAN 2013,484231,Grafo homologación
UH0044,SCIAN 2018,484231,Grafo homologación
UH0044,SCIAN 2023,484231,Grafo homologación
UH0045,SCIAN 2007,484232,Grafo homologación
UH0045,SCIAN 2013,484232,Grafo homologación
UH0045,SCIAN 2018,484232,Grafo homologación
UH0045,SCIAN 2023,484232,Grafo homologación
UH0046,SCIAN 2007,484239,Grafo homologación
UH0046,SCIAN 2013,484239,Grafo homologación
UH0046,SCIAN 2018,484239,Grafo homologación
UH0046,SCIAN 2023,484239,Grafo homologación
FL10,SCIAN 2007,485111,Grafo homologación
FL10,SCIAN 2013,485111,Grafo homologación
FL10,SCIAN 2018,485111,Grafo homologación
FL10,SCIAN 2018,485115,Grafo homologación
FL10,SCIAN 2023,485111,Grafo homologación
FL10,SCIAN 2023,485115,Grafo homologación
UH0047,SCIAN 2007,485112,Grafo homologación
UH0047,SCIAN 2013,485112,Grafo homologación
UH0047,SCIAN 2018,485112,Grafo homologación
UH0047,SCIAN 2023,485112,Grafo homologación
UH0048,SCIAN 2007,485210,Grafo homologación
UH0048,SCIAN 2013,485210,Grafo homologación
UH0048,SCIAN 2018,485210,Grafo homologación
UH0048,SCIAN 2023,485210,Grafo homologación
UH0049,SCIAN 2007,485311,Grafo homologación
UH0049,SCIAN 2013,485311,Grafo homologación
UH0049,SCIAN 2018,485311,Grafo homologación
UH0049,SCIAN 2023,485311,Grafo homologación
UH0050,SCIAN 2007,485320,Grafo homologación
UH0050,SCIAN 2013,485320,Grafo homologación
UH0050,SCIAN 2018,485320,Grafo homologación
UH0050,SCIAN 2023,485320,Grafo homologación
UH0051,SCIAN 2007,485410,Grafo homologación
UH0051,SCIAN 2013,485410,Grafo homologación
UH0051,SCIAN 2018,485410,Grafo homologación
UH0051,SCIAN 2023,485410,Grafo homologación
UH0052,SCIAN 2007,485510,Grafo homologación
UH0052,SCIAN 2013,485510,Grafo homologación
UH0052,SCIAN 2018,485510,Grafo homologación
UH0052,SCIAN 2023,485510,Grafo homologación
UH0053,SCIAN 2007,485990,Grafo homologación
UH0053,SCIAN 2013,485990,Grafo homologación
UH0053,SCIAN 2018,485990,Grafo homologación
UH0053,SCIAN 2023,485990,Grafo homologación
UH0054,SCIAN 2007,487110,Grafo homologación
UH0054,SCIAN 2013,487110,Grafo homologación
UH0054,SCIAN 2018,487110,Grafo homologación
UH0054,SCIAN 2023,487110,Grafo homologación
UH0055,SCIAN 2007,487990,Grafo homologación
UH0055,SCIAN 2013,487990,Grafo homologación
UH0055,SCIAN 2018,487990,Grafo homologación
UH0055,SCIAN 2023,487990,Grafo homologación
UH0056,SCIAN 2007,488210,Grafo homologación
UH0056,SCIAN 2013,488210,Grafo homologación
UH0056,SCIAN 2018,488210,Grafo homologación
UH0056,SCIAN 2023,488210,Grafo homologación
UH0057,SCIAN 2007,488410,Grafo homologación
UH0057,SCIAN 2013,488410,Grafo homologación
UH0057,SCIAN 2018,488410,Grafo homologación
UH0057,SCIAN 2023,488410,Grafo homologación
UH0058,SCIAN 2007,488491,Grafo homologación
UH0058,SCIAN 2013,488491,Grafo homologación
UH0058,SCIAN 2018,488491,Grafo homologación
UH0058,SCIAN 2023,488491,Grafo homologación
UH0059,SCIAN 2007,488492,Grafo homologación
UH0059,SCIAN 2013,488492,Grafo homologación
UH0059,SCIAN 2018,488492,Grafo homologación
UH0059,SCIAN 2023,488492,Grafo homologación
UH0060,SCIAN 2007,488493,Grafo homologación
UH0060,SCIAN 2013,488493,Grafo homologación
UH0060,SCIAN 2018,488493,Grafo homologación
UH0060,SCIAN 2023,488493,Grafo homologación
UH0061,SCIAN 2007,488511,Grafo homologación
UH0061,SCIAN 2013,488511,Grafo homologación
UH0061,SCIAN 2018,488511,Grafo homologación
UH0061,SCIAN 2023,488511,Grafo homologación
UH0062,SCIAN 2007,488519,Grafo homologación
UH0062,SCIAN 2013,488519,Grafo homologación
UH0062,SCIAN 2018,488519,Grafo homologación
UH0062,SCIAN 2023,488519,Grafo homologación
UH0063,SCIAN 2007,488990,Grafo homologación
UH0063,SCIAN 2013,488990,Grafo homologación
UH0063,SCIAN 2018,488990,Grafo homologación
UH0063,SCIAN 2023,488990,Grafo homologación
UH0064,SCIAN 2007,491110,Grafo homologación
UH0064,SCIAN 2013,491110,Grafo homologación
UH0064,SCIAN 2018,491110,Grafo homologación
UH0064,SCIAN 2023,491110,Grafo homologación
UH0065,SCIAN 2007,492110,Grafo homologación
UH0065,SCIAN 2013,492110,Grafo homologación
UH0065,SCIAN 2018,492110,Grafo homologación
UH0065,SCIAN 2023,492110,Grafo homologación
UH0066,SCIAN 2007,492210,Grafo homologación
UH0066,SCIAN 2013,492210,Grafo homologación
UH0066,SCIAN 2018,492210,Grafo homologación
UH0066,SCIAN 2023,492210,Grafo homologación
UH0067,SCIAN 2007,493111,Grafo homologación
UH0067,SCIAN 2013,493111,Grafo homologación
UH0067,SCIAN 2018,493111,Grafo homologación
UH0067,SCIAN 2023,493111,Grafo homologación
UH0068,SCIAN 2007,493119,Grafo homologación
UH0068,SCIAN 2013,493119,Grafo homologación
UH0068,SCIAN 2018,493119,Grafo homologación
UH0068,SCIAN 2023,493119,Grafo homologación
UH0069,SCIAN 2007,493120,Grafo homologación
UH0069,SCIAN 2013,493120,Grafo homologación
UH0069,SCIAN 2018,493120,Grafo homologación
UH0069,SCIAN 2023,493120,Grafo homologación
UH0070,SCIAN 2007,493190,Grafo homologación
UH0070,SCIAN 2013,493190,Grafo homologación
UH0070,SCIAN 2018,493190,Grafo homologación
UH0070,SCIAN 2023,493190,Grafo homologación
FL12,SCIAN 2007,511111,Grafo homologación
FL12,SCIAN 2007,511112,Grafo homologación
FL12,SCIAN 2007,511121,Grafo homologación
FL12,SCIAN 2007,511122,Grafo homologación
FL12,SCIAN 2007,511131,Grafo homologación
FL12,SCIAN 2007,511132,Grafo homologación
FL12,SCIAN 2007,511210,Grafo homologación
FL12,SCIAN 2007,515110,Grafo homologación
FL12,SCIAN 2007,515120,Grafo homologación
FL12,SCIAN 2007,515210,Grafo homologación
FL12,SCIAN 2007,519110,Grafo homologación
FL12,SCIAN 2007,519130,Grafo homologación
FL12,SCIAN 2007,519190,Grafo homologación
FL12,SCIAN 2013,511111,Grafo homologación
FL12,SCIAN 2013,511112,Grafo homologación
FL12,SCIAN 2013,511121,Grafo homologación
FL12,SCIAN 2013,511122,Grafo homologación
FL12,SCIAN 2013,511131,Grafo homologación
FL12,SCIAN 2013,511132,Grafo homologación
FL12,SCIAN 2013,511141,Grafo homologación
FL12,SCIAN 2013,511142,Grafo homologación
FL12,SCIAN 2013,511191,Grafo homologación
FL12,SCIAN 2013,511192,Grafo homologación
FL12,SCIAN 2013,511210,Grafo homologación
FL12,SCIAN 2013,515110,Grafo homologación
FL12,SCIAN 2013,515120,Grafo homologación
FL12,SCIAN 2013,515210,Grafo homologación
FL12,SCIAN 2013,519110,Grafo homologación
FL12,SCIAN 2013,519130,Grafo homologación
FL12,SCIAN 2013,519190,Grafo homologación
FL12,SCIAN 2018,511111,Grafo homologación
FL12,SCIAN 2018,511112,Grafo homologación
FL12,SCIAN 2018,511121,Grafo homologación
FL12,SCIAN 2018,511122,Grafo homologación
FL12,SCIAN 2018,511131,Grafo homologación
FL12,SCIAN 2018,511132,Grafo homologación
FL12,SCIAN 2018,511141,Grafo homologación
FL12,SCIAN 2018,511142,Grafo homologación
FL12,SCIAN 2018,511191,Grafo homologación
FL12,SCIAN 2018,511192,Grafo homologación
FL12,SCIAN 2018,511210,Grafo homologación
FL12,SCIAN 2018,515110,Grafo homologación
FL12,SCIAN 2018,515120,Grafo homologación
FL12,SCIAN 2018,515210,Grafo homologación
FL12,SCIAN 2018,519110,Grafo homologación
FL12,SCIAN 2018,519130,Grafo homologación
FL12,SCIAN 2018,519190,Grafo homologación
FL12,SCIAN 2023,513111,Grafo homologación
FL12,SCIAN 2023,513112,Grafo homologación
FL12,SCIAN 2023,513121,Grafo homologación
FL12,SCIAN 2023,513122,Grafo homologación
FL12,SCIAN 2023,513131,Grafo homologación
FL12,SCIAN 2023,513132,Grafo homologación
FL12,SCIAN 2023,513141,Grafo homologación
FL12,SCIAN 2023,513142,Grafo homologación
FL12,SCIAN 2023,513191,Grafo homologación
FL12,SCIAN 2023,513192,Grafo homologación
FL12,SCIAN 2023,513210,Grafo homologación
FL12,SCIAN 2023,516110,Grafo homologación
FL12,SCIAN 2023,516120,Grafo homologación
FL12,SCIAN 2023,516210,Grafo homologación
FL12,SCIAN 2023,519290,Grafo homologación
UH0071,SCIAN 2007,512111,Grafo homologación
UH0071,SCIAN 2013,512111,Grafo homologación
UH0071,SCIAN 2018,512111,Grafo homologación
UH0071,SCIAN 2023,512111,Grafo homologación
UH0072,SCIAN 2007,512112,Grafo homologación
UH0072,SCIAN 2013,512112,Grafo homologación
UH0072,SCIAN 2018,512112,Grafo homologación
UH0072,SCIAN 2023,512112,Grafo homologación
UH0073,SCIAN 2007,512113,Grafo homologación
UH0073,SCIAN 2013,512113,Grafo homologación
UH0073,SCIAN 2018,512113,Grafo homologación
UH0073,SCIAN 2023,512113,Grafo homologación
UH0074,SCIAN 2007,512130,Grafo homologación
UH0074,SCIAN 2013,512130,Grafo homologación
UH0074,SCIAN 2018,512130,Grafo homologación
UH0074,SCIAN 2023,512130,Grafo homologación
UH0075,SCIAN 2007,512210,Grafo homologación
UH0075,SCIAN 2007,512220,Grafo homologación
UH0075,SCIAN 2013,512210,Grafo homologación
UH0075,SCIAN 2013,512220,Grafo homologación
UH0075,SCIAN 2018,512250,Grafo homologación
UH0075,SCIAN 2023,512250,Grafo homologación
UH0076,SCIAN 2007,512290,Grafo homologación
UH0076,SCIAN 2013,512290,Grafo homologación
UH0076,SCIAN 2018,512290,Grafo homologación
UH0076,SCIAN 2023,512290,Grafo homologación
UH0077,SCIAN 2007,517111,Grafo homologación
UH0077,SCIAN 2007,517112,Grafo homologación
UH0077,SCIAN 2013,517110,Grafo homologación
UH0077,SCIAN 2018,517311,Grafo homologación
UH0077,SCIAN 2023,517311,Grafo homologación
UH0078,SCIAN 2007,517210,Grafo homologación
UH0078,SCIAN 2013,517210,Grafo homologación
UH0078,SCIAN 2018,517312,Grafo homologación
UH0078,SCIAN 2023,517312,Grafo homologación
UH0079,SCIAN 2007,517410,Grafo homologación
UH0079,SCIAN 2013,517410,Grafo homologación
UH0079,SCIAN 2018,517410,Grafo homologación
UH0079,SCIAN 2023,517410,Grafo homologación
UH0080,SCIAN 2007,517910,Grafo homologación
UH0080,SCIAN 2013,517910,Grafo homologación
UH0080,SCIAN 2018,517910,Grafo homologación
UH0080,SCIAN 2023,517910,Grafo homologación
UH0081,SCIAN 2007,518210,Grafo homologación
UH0081,SCIAN 2013,518210,Grafo homologación
UH0081,SCIAN 2018,518210,Grafo homologación
UH0081,SCIAN 2023,518210,Grafo homologación
UH0082,SCIAN 2007,519121,Grafo homologación
UH0082,SCIAN 2013,519121,Grafo homologación
UH0082,SCIAN 2018,519121,Grafo homologación
UH0082,SCIAN 2023,519211,Grafo homologación
UH0083,SCIAN 2007,519122,Grafo homologación
UH0083,SCIAN 2013,519122,Grafo homologación
UH0083,SCIAN 2018,519122,Grafo homologación
UH0083,SCIAN 2023,519212,Grafo homologación
UH0084,SCIAN 2007,521110,Grafo homologación
UH0084,SCIAN 2013,521110,Grafo homologación
UH0084,SCIAN 2018,521110,Grafo homologación
UH0084,SCIAN 2023,521110,Grafo homologación
UH0085,SCIAN 2007,522110,Grafo homologación
UH0085,SCIAN 2013,522110,Grafo homologación
UH0085,SCIAN 2018,522110,Grafo homologación
UH0085,SCIAN 2023,522110,Grafo homologación
UH0086,SCIAN 2007,522210,Grafo homologación
UH0086,SCIAN 2013,522210,Grafo homologación
UH0086,SCIAN 2018,522210,Grafo homologación
UH0086,SCIAN 2023,522210,Grafo homologación
UH0087,SCIAN 2007,522220,Grafo homologación
UH0087,SCIAN 2013,522220,Grafo homologación
UH0087,SCIAN 2018,522220,Grafo homologación
UH0087,SCIAN 2023,522220,Grafo homologación
UH0088,SCIAN 2007,522310,Grafo homologación
UH0088,SCIAN 2013,522310,Grafo homologación
UH0088,SCIAN 2018,522310,Grafo homologación
UH0088,SCIAN 2023,522310,Grafo homologación
UH0089,SCIAN 2007,522320,Grafo homologación
UH0089,SCIAN 2013,522320,Grafo homologación
UH0089,SCIAN 2018,522320,Grafo homologación
UH0089,SCIAN 2023,522320,Grafo homologación
UH0090,SCIAN 2007,522390,Grafo homologación
UH0090,SCIAN 2013,522390,Grafo homologación
UH0090,SCIAN 2018,522390,Grafo homologación
UH0090,SCIAN 2023,522390,Grafo homologación
FL02,SCIAN 2007,522410,Grafo homologación
FL02,SCIAN 2007,522420,Grafo homologación
FL02,SCIAN 2007,522430,Grafo homologación
FL02,SCIAN 2007,522490,Grafo homologación
FL02,SCIAN 2013,522410,Grafo homologación
FL02,SCIAN 2013,522420,Grafo homologación
FL02,SCIAN 2013,522430,Grafo homologación
FL02,SCIAN 2013,522460,Grafo homologación
FL02,SCIAN 2013,522490,Grafo homologación
FL02,SCIAN 2018,522460,Grafo homologación
FL02,SCIAN 2018,522490,Grafo homologación
FL02,SCIAN 2023,522460,Grafo homologación
FL02,SCIAN 2023,522490,Grafo homologación
UH0091,SCIAN 2007,522440,Grafo homologación
UH0091,SCIAN 2013,522440,Grafo homologación
UH0091,SCIAN 2018,522440,Grafo homologación
UH0091,SCIAN 2023,522440,Grafo homologación
UH0092,SCIAN 2007,522451,Grafo homologación
UH0092,SCIAN 2013,522451,Grafo homologación
UH0092,SCIAN 2018,522451,Grafo homologación
UH0092,SCIAN 2023,522451,Grafo homologación
UH0093,SCIAN 2007,522452,Grafo homologación
UH0093,SCIAN 2013,522452,Grafo homologación
UH0093,SCIAN 2018,522452,Grafo homologación
UH0093,SCIAN 2023,522452,Grafo homologación
UH0094,SCIAN 2007,522510,Grafo homologación
UH0094,SCIAN 2013,522510,Grafo homologación
UH0094,SCIAN 2018,522510,Grafo homologación
UH0094,SCIAN 2023,522510,Grafo homologación
UH0095,SCIAN 2007,523110,Grafo homologación
UH0095,SCIAN 2013,523110,Grafo homologación
UH0095,SCIAN 2018,523110,Grafo homologación
UH0095,SCIAN 2023,523110,Grafo homologación
UH0096,SCIAN 2007,523121,Grafo homologación
UH0096,SCIAN 2013,523121,Grafo homologación
UH0096,SCIAN 2018,523121,Grafo homologación
UH0096,SCIAN 2023,523121,Grafo homologación
UH0097,SCIAN 2007,523122,Grafo homologación
UH0097,SCIAN 2013,523122,Grafo homologación
UH0097,SCIAN 2018,523122,Grafo homologación
UH0097,SCIAN 2023,523122,Grafo homologación
UH0098,SCIAN 2007,523910,Grafo homologación
UH0098,SCIAN 2013,523910,Grafo homologación
UH0098,SCIAN 2018,523910,Grafo homologación
UH0098,SCIAN 2023,523910,Grafo homologación
UH0099,SCIAN 2007,524110,Grafo homologación
UH0099,SCIAN 2013,524110,Grafo homologación
UH0099,SCIAN 2018,524110,Grafo homologación
UH0099,SCIAN 2023,524110,Grafo homologación
UH0100,SCIAN 2007,524130,Grafo homologación
UH0100,SCIAN 2013,524130,Grafo homologación
UH0100,SCIAN 2018,524130,Grafo homologación
UH0100,SCIAN 2023,524130,Grafo homologación
UH0101,SCIAN 2007,524210,Grafo homologación
UH0101,SCIAN 2013,524210,Grafo homologación
UH0101,SCIAN 2018,524210,Grafo homologación
UH0101,SCIAN 2023,524210,Grafo homologación
UH0102,SCIAN 2007,524220,Grafo homologación
UH0102,SCIAN 2013,524220,Grafo homologación
UH0102,SCIAN 2018,524220,Grafo homologación
UH0102,SCIAN 2023,524220,Grafo homologación
UH0103,SCIAN 2007,531112,Grafo homologación
UH0103,SCIAN 2013,531112,Grafo homologación
UH0103,SCIAN 2018,531112,Grafo homologación
UH0103,SCIAN 2023,531112,Grafo homologación
UH0104,SCIAN 2007,531113,Grafo homologación
UH0104,SCIAN 2013,531113,Grafo homologación
UH0104,SCIAN 2018,531113,Grafo homologación
UH0104,SCIAN 2023,531113,Grafo homologación
UH0105,SCIAN 2007,531114,Grafo homologación
UH0105,SCIAN 2013,531114,Grafo homologación
UH0105,SCIAN 2018,531114,Grafo homologación
UH0105,SCIAN 2023,531114,Grafo homologación
UH0106,SCIAN 2007,531115,Grafo homologación
UH0106,SCIAN 2013,531115,Grafo homologación
UH0106,SCIAN 2018,531115,Grafo homologación
UH0106,SCIAN 2023,531115,Grafo homologación
FL03,SCIAN 2007,531119,Grafo homologación
FL03,SCIAN 2013,531116,Grafo homologación
FL03,SCIAN 2013,531119,Grafo homologación
FL03,SCIAN 2018,531116,Grafo homologación
FL03,SCIAN 2018,531119,Grafo homologación
FL03,SCIAN 2023,531116,Grafo homologación
FL03,SCIAN 2023,531119,Grafo homologación
UH0107,SCIAN 2007,531210,Grafo homologación
UH0107,SCIAN 2013,531210,Grafo homologación
UH0107,SCIAN 2018,531210,Grafo homologación
UH0107,SCIAN 2023,531210,Grafo homologación
UH0108,SCIAN 2007,531311,Grafo homologación
UH0108,SCIAN 2013,531311,Grafo homologación
UH0108,SCIAN 2018,531311,Grafo homologación
UH0108,SCIAN 2023,531311,Grafo homologación
UH0109,SCIAN 2007,531319,Grafo homologación
UH0109,SCIAN 2013,531319,Grafo homologación
UH0109,SCIAN 2018,531319,Grafo homologación
UH0109,SCIAN 2023,531319,Grafo homologación
UH0110,SCIAN 2007,532110,Grafo homologación
UH0110,SCIAN 2013,532110,Grafo homologación
UH0110,SCIAN 2018,532110,Grafo homologación
UH0110,SCIAN 2023,532110,Grafo homologación
UH0111,SCIAN 2007,532121,Grafo homologación
UH0111,SCIAN 2013,532121,Grafo homologación
UH0111,SCIAN 2018,532121,Grafo homologación
UH0111,SCIAN 2023,532121,Grafo homologación
UH0112,SCIAN 2007,532210,Grafo homologación
UH0112,SCIAN 2013,532210,Grafo homologación
UH0112,SCIAN 2018,532210,Grafo homologación
UH0112,SCIAN 2023,532210,Grafo homologación
UH0113,SCIAN 2007,532220,Grafo homologación
UH0113,SCIAN 2013,532220,Grafo homologación
UH0113,SCIAN 2018,532281,Grafo homologación
UH0113,SCIAN 2023,532281,Grafo homologación
UH0114,SCIAN 2007,532230,Grafo homologación
UH0114,SCIAN 2007,532292,Grafo homologación
UH0114,SCIAN 2007,532299,Grafo homologación
UH0114,SCIAN 2013,532230,Grafo homologación
UH0114,SCIAN 2013,532292,Grafo homologación
UH0114,SCIAN 2013,532299,Grafo homologación
UH0114,SCIAN 2018,532289,Grafo homologación
UH0114,SCIAN 2023,532289,Grafo homologación
UH0115,SCIAN 2007,532291,Grafo homologación
UH0115,SCIAN 2013,532291,Grafo homologación
UH0115,SCIAN 2018,532282,Grafo homologación
UH0115,SCIAN 2023,532282,Grafo homologación
UH0116,SCIAN 2007,532310,Grafo homologación
UH0116,SCIAN 2013,532310,Grafo homologación
UH0116,SCIAN 2018,532310,Grafo homologación
UH0116,SCIAN 2023,532310,Grafo homologación
UH0117,SCIAN 2007,532411,Grafo homologación
UH0117,SCIAN 2013,532411,Grafo homologación
UH0117,SCIAN 2018,532411,Grafo homologación
UH0117,SCIAN 2023,532411,Grafo homologación
UH0118,SCIAN 2007,532412,Grafo homologación
UH0118,SCIAN 2013,532412,Grafo homologación
UH0118,SCIAN 2018,532412,Grafo homologación
UH0118,SCIAN 2023,532412,Grafo homologación
UH0119,SCIAN 2007,532420,Grafo homologación
UH0119,SCIAN 2013,532420,Grafo homologación
UH0119,SCIAN 2018,532420,Grafo homologación
UH0119,SCIAN 2023,532420,Grafo homologación
UH0120,SCIAN 2007,532492,Grafo homologación
UH0120,SCIAN 2013,532492,Grafo homologación
UH0120,SCIAN 2018,532492,Grafo homologación
UH0120,SCIAN 2023,532492,Grafo homologación
UH0121,SCIAN 2007,532493,Grafo homologación
UH0121,SCIAN 2013,532493,Grafo homologación
UH0121,SCIAN 2018,532493,Grafo homologación
UH0121,SCIAN 2023,532493,Grafo homologación
UH0122,SCIAN 2007,533110,Grafo homologación
UH0122,SCIAN 2013,533110,Grafo homologación
UH0122,SCIAN 2018,533110,Grafo homologación
UH0122,SCIAN 2023,533110,Grafo homologación
UH0123,SCIAN 2007,541110,Grafo homologación
UH0123,SCIAN 2013,541110,Grafo homologación
UH0123,SCIAN 2018,541110,Grafo homologación
UH0123,SCIAN 2023,541110,Grafo homologación
UH0124,SCIAN 2007,541120,Grafo homologación
UH0124,SCIAN 2013,541120,Grafo homologación
UH0124,SCIAN 2018,541120,Grafo homologación
UH0124,SCIAN 2023,541120,Grafo homologación
UH0125,SCIAN 2007,541190,Grafo homologación
UH0125,SCIAN 2013,541190,Grafo homologación
UH0125,SCIAN 2018,541190,Grafo homologación
UH0125,SCIAN 2023,541190,Grafo homologación
UH0126,SCIAN 2007,541211,Grafo homologación
UH0126,SCIAN 2013,541211,Grafo homologación
UH0126,SCIAN 2018,541211,Grafo homologación
UH0126,SCIAN 2023,541211,Grafo homologación
UH0127,SCIAN 2007,541219,Grafo homologación
UH0127,SCIAN 2013,541219,Grafo homologación
UH0127,SCIAN 2018,541219,Grafo homologación
UH0127,SCIAN 2023,541219,Grafo homologación
UH0128,SCIAN 2007,541310,Grafo homologación
UH0128,SCIAN 2013,541310,Grafo homologación
UH0128,SCIAN 2018,541310,Grafo homologación
UH0128,SCIAN 2023,541310,Grafo homologación
UH0129,SCIAN 2007,541320,Grafo homologación
UH0129,SCIAN 2013,541320,Grafo homologación
UH0129,SCIAN 2018,541320,Grafo homologación
UH0129,SCIAN 2023,541320,Grafo homologación
UH0130,SCIAN 2007,541330,Grafo homologación
UH0130,SCIAN 2013,541330,Grafo homologación
UH0130,SCIAN 2018,541330,Grafo homologación
UH0130,SCIAN 2023,541330,Grafo homologación
UH0131,SCIAN 2007,541340,Grafo homologación
UH0131,SCIAN 2013,541340,Grafo homologación
UH0131,SCIAN 2018,541340,Grafo homologación
UH0131,SCIAN 2023,541340,Grafo homologación
UH0132,SCIAN 2007,541350,Grafo homologación
UH0132,SCIAN 2013,541350,Grafo homologación
UH0132,SCIAN 2018,541350,Grafo homologación
UH0132,SCIAN 2023,541350,Grafo homologación
UH0133,SCIAN 2007,541360,Grafo homologación
UH0133,SCIAN 2013,541360,Grafo homologación
UH0133,SCIAN 2018,541360,Grafo homologación
UH0133,SCIAN 2023,541360,Grafo homologación
UH0134,SCIAN 2007,541370,Grafo homologación
UH0134,SCIAN 2013,541370,Grafo homologación
UH0134,SCIAN 2018,541370,Grafo homologación
UH0134,SCIAN 2023,541370,Grafo homologación
UH0135,SCIAN 2007,541380,Grafo homologación
UH0135,SCIAN 2013,541380,Grafo homologación
UH0135,SCIAN 2018,541380,Grafo homologación
UH0135,SCIAN 2023,541380,Grafo homologación
UH0136,SCIAN 2007,541410,Grafo homologación
UH0136,SCIAN 2013,541410,Grafo homologación
UH0136,SCIAN 2018,541410,Grafo homologación
UH0136,SCIAN 2023,541410,Grafo homologación
UH0137,SCIAN 2007,541430,Grafo homologación
UH0137,SCIAN 2013,541430,Grafo homologación
UH0137,SCIAN 2018,541430,Grafo homologación
UH0137,SCIAN 2023,541430,Grafo homologación
UH0138,SCIAN 2007,541490,Grafo homologación
UH0138,SCIAN 2013,541490,Grafo homologación
UH0138,SCIAN 2018,541490,Grafo homologación
UH0138,SCIAN 2023,541490,Grafo homologación
UH0139,SCIAN 2007,541510,Grafo homologación
UH0139,SCIAN 2013,541510,Grafo homologación
UH0139,SCIAN 2018,541510,Grafo homologación
UH0139,SCIAN 2023,541510,Grafo homologación
UH0140,SCIAN 2007,541610,Grafo homologación
UH0140,SCIAN 2013,541610,Grafo homologación
UH0140,SCIAN 2018,541610,Grafo homologación
UH0140,SCIAN 2023,541610,Grafo homologación
UH0141,SCIAN 2007,541620,Grafo homologación
UH0141,SCIAN 2013,541620,Grafo homologación
UH0141,SCIAN 2018,541620,Grafo homologación
UH0141,SCIAN 2023,541620,Grafo homologación
UH0142,SCIAN 2007,541690,Grafo homologación
UH0142,SCIAN 2013,541690,Grafo homologación
UH0142,SCIAN 2018,541690,Grafo homologación
UH0142,SCIAN 2023,541690,Grafo homologación
UH0143,SCIAN 2007,541711,Grafo homologación
UH0143,SCIAN 2013,541711,Grafo homologación
UH0143,SCIAN 2018,541711,Grafo homologación
UH0143,SCIAN 2023,541711,Grafo homologación
UH0144,SCIAN 2007,541712,Grafo homologación
UH0144,SCIAN 2013,541712,Grafo homologación
UH0144,SCIAN 2018,541712,Grafo homologación
UH0144,SCIAN 2023,541712,Grafo homologación
UH0145,SCIAN 2007,541721,Grafo homologación
UH0145,SCIAN 2013,541721,Grafo homologación
UH0145,SCIAN 2018,541721,Grafo homologación
UH0145,SCIAN 2023,541721,Grafo homologación
UH0146,SCIAN 2007,541722,Grafo homologación
UH0146,SCIAN 2013,541722,Grafo homologación
UH0146,SCIAN 2018,541722,Grafo homologación
UH0146,SCIAN 2023,541722,Grafo homologación
UH0147,SCIAN 2007,541810,Grafo homologación
UH0147,SCIAN 2013,541810,Grafo homologación
UH0147,SCIAN 2018,541810,Grafo homologación
UH0147,SCIAN 2023,541810,Grafo homologación
UH0148,SCIAN 2007,541830,Grafo homologación
UH0148,SCIAN 2013,541830,Grafo homologación
UH0148,SCIAN 2018,541830,Grafo homologación
UH0148,SCIAN 2023,541830,Grafo homologación
UH0149,SCIAN 2007,541840,Grafo homologación
UH0149,SCIAN 2013,541840,Grafo homologación
UH0149,SCIAN 2018,541840,Grafo homologación
UH0149,SCIAN 2023,541840,Grafo homologación
UH0150,SCIAN 2007,541850,Grafo homologación
UH0150,SCIAN 2013,541850,Grafo homologación
UH0150,SCIAN 2018,541850,Grafo homologación
UH0150,SCIAN 2023,541850,Grafo homologación
UH0151,SCIAN 2007,541870,Grafo homologación
UH0151,SCIAN 2013,541870,Grafo homologación
UH0151,SCIAN 2018,541870,Grafo homologación
UH0151,SCIAN 2023,541870,Grafo homologación
UH0152,SCIAN 2007,541890,Grafo homologación
UH0152,SCIAN 2013,541890,Grafo homologación
UH0152,SCIAN 2018,541890,Grafo homologación
UH0152,SCIAN 2023,541890,Grafo homologación
UH0153,SCIAN 2007,541910,Grafo homologación
UH0153,SCIAN 2013,541910,Grafo homologación
UH0153,SCIAN 2018,541910,Grafo homologación
UH0153,SCIAN 2023,541910,Grafo homologación
UH0154,SCIAN 2007,541920,Grafo homologación
UH0154,SCIAN 2013,541920,Grafo homologación
UH0154,SCIAN 2018,541920,Grafo homologación
UH0154,SCIAN 2023,541920,Grafo homologación
UH0155,SCIAN 2007,541941,Grafo homologación
UH0155,SCIAN 2013,541941,Grafo homologación
UH0155,SCIAN 2018,541941,Grafo homologación
UH0155,SCIAN 2023,541941,Grafo homologación
UH0156,SCIAN 2007,541942,Grafo homologación
UH0156,SCIAN 2013,541942,Grafo homologación
UH0156,SCIAN 2018,541942,Grafo homologación
UH0156,SCIAN 2023,541942,Grafo homologación
UH0157,SCIAN 2007,541943,Grafo homologación
UH0157,SCIAN 2013,541943,Grafo homologación
UH0157,SCIAN 2018,541943,Grafo homologación
UH0157,SCIAN 2023,541943,Grafo homologación
UH0158,SCIAN 2007,541990,Grafo homologación
UH0158,SCIAN 2013,541990,Grafo homologación
UH0158,SCIAN 2018,541990,Grafo homologación
UH0158,SCIAN 2023,541990,Grafo homologación
UH0159,SCIAN 2007,561110,Grafo homologación
UH0159,SCIAN 2013,561110,Grafo homologación
UH0159,SCIAN 2018,561110,Grafo homologación
UH0159,SCIAN 2023,561110,Grafo homologación
UH0160,SCIAN 2007,561210,Grafo homologación
UH0160,SCIAN 2013,561210,Grafo homologación
UH0160,SCIAN 2018,561210,Grafo homologación
UH0160,SCIAN 2023,561210,Grafo homologación
UH0161,SCIAN 2007,561310,Grafo homologación
UH0161,SCIAN 2013,561310,Grafo homologación
UH0161,SCIAN 2018,561310,Grafo homologación
UH0161,SCIAN 2023,561310,Grafo homologación
UH0162,SCIAN 2007,561320,Grafo homologación
UH0162,SCIAN 2013,561320,Grafo homologación
UH0162,SCIAN 2018,561320,Grafo homologación
UH0162,SCIAN 2023,561320,Grafo homologación
UH0163,SCIAN 2007,561330,Grafo homologación
UH0163,SCIAN 2013,561330,Grafo homologación
UH0163,SCIAN 2018,561330,Grafo homologación
UH0163,SCIAN 2023,561330,Grafo homologación
UH0164,SCIAN 2007,561410,Grafo homologación
UH0164,SCIAN 2013,561410,Grafo homologación
UH0164,SCIAN 2018,561410,Grafo homologación
UH0164,SCIAN 2023,561410,Grafo homologación
UH0165,SCIAN 2007,561421,Grafo homologación
UH0165,SCIAN 2013,561421,Grafo homologación
UH0165,SCIAN 2018,561421,Grafo homologación
UH0165,SCIAN 2023,561421,Grafo homologación
UH0166,SCIAN 2007,561422,Grafo homologación
UH0166,SCIAN 2013,561422,Grafo homologación
UH0166,SCIAN 2018,561422,Grafo homologación
UH0166,SCIAN 2023,561422,Grafo homologación
UH0167,SCIAN 2007,561431,Grafo homologación
UH0167,SCIAN 2013,561431,Grafo homologación
UH0167,SCIAN 2018,561431,Grafo homologación
UH0167,SCIAN 2023,561431,Grafo homologación
UH0168,SCIAN 2007,561432,Grafo homologación
UH0168,SCIAN 2013,561432,Grafo homologación
UH0168,SCIAN 2018,561432,Grafo homologación
UH0168,SCIAN 2023,561432,Grafo homologación
UH0169,SCIAN 2007,561440,Grafo homologación
UH0169,SCIAN 2013,561440,Grafo homologación
UH0169,SCIAN 2018,561440,Grafo homologación
UH0169,SCIAN 2023,561440,Grafo homologación
UH0170,SCIAN 2007,561450,Grafo homologación
UH0170,SCIAN 2013,561450,Grafo homologación
UH0170,SCIAN 2018,561450,Grafo homologación
UH0170,SCIAN 2023,561450,Grafo homologación
UH0171,SCIAN 2007,561490,Grafo homologación
UH0171,SCIAN 2013,561490,Grafo homologación
UH0171,SCIAN 2018,561490,Grafo homologación
UH0171,SCIAN 2023,561490,Grafo homologación
UH0172,SCIAN 2007,561510,Grafo homologación
UH0172,SCIAN 2013,561510,Grafo homologación
UH0172,SCIAN 2018,561510,Grafo homologación
UH0172,SCIAN 2023,561510,Grafo homologación
UH0173,SCIAN 2007,561520,Grafo homologación
UH0173,SCIAN 2013,561520,Grafo homologación
UH0173,SCIAN 2018,561520,Grafo homologación
UH0173,SCIAN 2023,561520,Grafo homologación
UH0174,SCIAN 2007,561590,Grafo homologación
UH0174,SCIAN 2013,561590,Grafo homologación
UH0174,SCIAN 2018,561590,Grafo homologación
UH0174,SCIAN 2023,561590,Grafo homologación
UH0175,SCIAN 2007,561610,Grafo homologación
UH0175,SCIAN 2013,561610,Grafo homologación
UH0175,SCIAN 2018,561610,Grafo homologación
UH0175,SCIAN 2023,561610,Grafo homologación
UH0176,SCIAN 2007,561620,Grafo homologación
UH0176,SCIAN 2013,561620,Grafo homologación
UH0176,SCIAN 2018,561620,Grafo homologación
UH0176,SCIAN 2023,561620,Grafo homologación
UH0177,SCIAN 2007,561710,Grafo homologación
UH0177,SCIAN 2013,561710,Grafo homologación
UH0177,SCIAN 2018,561710,Grafo homologación
UH0177,SCIAN 2023,561710,Grafo homologación
UH0178,SCIAN 2007,561720,Grafo homologación
UH0178,SCIAN 2013,561720,Grafo homologación
UH0178,SCIAN 2018,561720,Grafo homologación
UH0178,SCIAN 2023,561720,Grafo homologación
UH0179,SCIAN 2007,561730,Grafo homologación
UH0179,SCIAN 2013,561730,Grafo homologación
UH0179,SCIAN 2018,561730,Grafo homologación
UH0179,SCIAN 2023,561730,Grafo homologación
UH0180,SCIAN 2007,561740,Grafo homologación
UH0180,SCIAN 2013,561740,Grafo homologación
UH0180,SCIAN 2018,561740,Grafo homologación
UH0180,SCIAN 2023,561740,Grafo homologación
UH0181,SCIAN 2007,561790,Grafo homologación
UH0181,SCIAN 2013,561790,Grafo homologación
UH0181,SCIAN 2018,561790,Grafo homologación
UH0181,SCIAN 2023,561790,Grafo homologación
UH0182,SCIAN 2007,561910,Grafo homologación
UH0182,SCIAN 2013,561910,Grafo homologación
UH0182,SCIAN 2018,561910,Grafo homologación
UH0182,SCIAN 2023,561910,Grafo homologación
UH0183,SCIAN 2007,561920,Grafo homologación
UH0183,SCIAN 2013,561920,Grafo homologación
UH0183,SCIAN 2018,561920,Grafo homologación
UH0183,SCIAN 2023,561920,Grafo homologación
UH0184,SCIAN 2007,561990,Grafo homologación
UH0184,SCIAN 2013,561990,Grafo homologación
UH0184,SCIAN 2018,561990,Grafo homologación
UH0184,SCIAN 2023,561990,Grafo homologación
FL11,SCIAN 2007,562111,Grafo homologación
FL11,SCIAN 2007,562112,Grafo homologación
FL11,SCIAN 2013,562111,Grafo homologación
FL11,SCIAN 2013,562112,Grafo homologación
FL11,SCIAN 2018,562111,Grafo homologación
FL11,SCIAN 2018,562121,Grafo homologación
FL11,SCIAN 2018,562211,Grafo homologación
FL11,SCIAN 2018,562221,Grafo homologación
FL11,SCIAN 2018,562911,Grafo homologación
FL11,SCIAN 2018,562921,Grafo homologación
FL11,SCIAN 2018,562998,Grafo homologación
FL11,SCIAN 2023,562111,Grafo homologación
FL11,SCIAN 2023,562121,Grafo homologación
FL11,SCIAN 2023,562211,Grafo homologación
FL11,SCIAN 2023,562221,Grafo homologación
FL11,SCIAN 2023,562911,Grafo homologación
FL11,SCIAN 2023,562921,Grafo homologación
FL11,SCIAN 2023,562998,Grafo homologación
UH0185,SCIAN 2007,611111,Grafo homologación
UH0185,SCIAN 2013,611111,Grafo homologación
UH0185,SCIAN 2018,611111,Grafo homologación
UH0185,SCIAN 2023,611111,Grafo homologación
UH0186,SCIAN 2007,611112,Grafo homologación
UH0186,SCIAN 2013,611112,Grafo homologación
UH0186,SCIAN 2018,611112,Grafo homologación
UH0186,SCIAN 2023,611112,Grafo homologación
UH0187,SCIAN 2007,611121,Grafo homologación
UH0187,SCIAN 2013,611121,Grafo homologación
UH0187,SCIAN 2018,611121,Grafo homologación
UH0187,SCIAN 2023,611121,Grafo homologación
UH0188,SCIAN 2007,611122,Grafo homologación
UH0188,SCIAN 2013,611122,Grafo homologación
UH0188,SCIAN 2018,611122,Grafo homologación
UH0188,SCIAN 2023,611122,Grafo homologación
UH0189,SCIAN 2007,611131,Grafo homologación
UH0189,SCIAN 2013,611131,Grafo homologación
UH0189,SCIAN 2018,611131,Grafo homologación
UH0189,SCIAN 2023,611131,Grafo homologación
UH0190,SCIAN 2007,611132,Grafo homologación
UH0190,SCIAN 2013,611132,Grafo homologación
UH0190,SCIAN 2018,611132,Grafo homologación
UH0190,SCIAN 2023,611132,Grafo homologación
UH0191,SCIAN 2007,611141,Grafo homologación
UH0191,SCIAN 2013,611141,Grafo homologación
UH0191,SCIAN 2018,611141,Grafo homologación
UH0191,SCIAN 2023,611141,Grafo homologación
UH0192,SCIAN 2007,611142,Grafo homologación
UH0192,SCIAN 2013,611142,Grafo homologación
UH0192,SCIAN 2018,611142,Grafo homologación
UH0192,SCIAN 2023,611142,Grafo homologación
UH0193,SCIAN 2007,611151,Grafo homologación
UH0193,SCIAN 2013,611151,Grafo homologación
UH0193,SCIAN 2018,611151,Grafo homologación
UH0193,SCIAN 2023,611151,Grafo homologación
UH0194,SCIAN 2007,611152,Grafo homologación
UH0194,SCIAN 2013,611152,Grafo homologación
UH0194,SCIAN 2018,611152,Grafo homologación
UH0194,SCIAN 2023,611152,Grafo homologación
UH0195,SCIAN 2007,611161,Grafo homologación
UH0195,SCIAN 2013,611161,Grafo homologación
UH0195,SCIAN 2018,611161,Grafo homologación
UH0195,SCIAN 2023,611161,Grafo homologación
UH0196,SCIAN 2007,611162,Grafo homologación
UH0196,SCIAN 2013,611162,Grafo homologación
UH0196,SCIAN 2018,611162,Grafo homologación
UH0196,SCIAN 2023,611162,Grafo homologación
UH0197,SCIAN 2007,611171,Grafo homologación
UH0197,SCIAN 2013,611171,Grafo homologación
UH0197,SCIAN 2018,611171,Grafo homologación
UH0197,SCIAN 2023,611171,Grafo homologación
UH0198,SCIAN 2007,611172,Grafo homologación
UH0198,SCIAN 2013,611172,Grafo homologación
UH0198,SCIAN 2018,611172,Grafo homologación
UH0198,SCIAN 2023,611172,Grafo homologación
UH0199,SCIAN 2007,611181,Grafo homologación
UH0199,SCIAN 2013,611181,Grafo homologación
UH0199,SCIAN 2018,611181,Grafo homologación
UH0199,SCIAN 2023,611181,Grafo homologación
UH0200,SCIAN 2007,611182,Grafo homologación
UH0200,SCIAN 2013,611182,Grafo homologación
UH0200,SCIAN 2018,611182,Grafo homologación
UH0200,SCIAN 2023,611182,Grafo homologación
UH0201,SCIAN 2007,611211,Grafo homologación
UH0201,SCIAN 2013,611211,Grafo homologación
UH0201,SCIAN 2018,611211,Grafo homologación
UH0201,SCIAN 2023,611211,Grafo homologación
UH0202,SCIAN 2007,611212,Grafo homologación
UH0202,SCIAN 2013,611212,Grafo homologación
UH0202,SCIAN 2018,611212,Grafo homologación
UH0202,SCIAN 2023,611212,Grafo homologación
UH0203,SCIAN 2007,611311,Grafo homologación
UH0203,SCIAN 2013,611311,Grafo homologación
UH0203,SCIAN 2018,611311,Grafo homologación
UH0203,SCIAN 2023,611311,Grafo homologación
UH0204,SCIAN 2007,611312,Grafo homologación
UH0204,SCIAN 2013,611312,Grafo homologación
UH0204,SCIAN 2018,611312,Grafo homologación
UH0204,SCIAN 2023,611312,Grafo homologación
UH0205,SCIAN 2007,611411,Grafo homologación
UH0205,SCIAN 2013,611411,Grafo homologación
UH0205,SCIAN 2018,611411,Grafo homologación
UH0205,SCIAN 2023,611411,Grafo homologación
UH0206,SCIAN 2007,611412,Grafo homologación
UH0206,SCIAN 2013,611412,Grafo homologación
UH0206,SCIAN 2018,611412,Grafo homologación
UH0206,SCIAN 2023,611412,Grafo homologación
UH0207,SCIAN 2007,611421,Grafo homologación
UH0207,SCIAN 2013,611421,Grafo homologación
UH0207,SCIAN 2018,611421,Grafo homologación
UH0207,SCIAN 2023,611421,Grafo homologación
UH0208,SCIAN 2007,611422,Grafo homologación
UH0208,SCIAN 2013,611422,Grafo homologación
UH0208,SCIAN 2018,611422,Grafo homologación
UH0208,SCIAN 2023,611422,Grafo homologación
UH0209,SCIAN 2007,611431,Grafo homologación
UH0209,SCIAN 2013,611431,Grafo homologación
UH0209,SCIAN 2018,611431,Grafo homologación
UH0209,SCIAN 2023,611431,Grafo homologación
UH0210,SCIAN 2007,611511,Grafo homologación
UH0210,SCIAN 2013,611511,Grafo homologación
UH0210,SCIAN 2018,611511,Grafo homologación
UH0210,SCIAN 2023,611511,Grafo homologación
UH0211,SCIAN 2007,611512,Grafo homologación
UH0211,SCIAN 2013,611512,Grafo homologación
UH0211,SCIAN 2018,611512,Grafo homologación
UH0211,SCIAN 2023,611512,Grafo homologación
UH0212,SCIAN 2007,611611,Grafo homologación
UH0212,SCIAN 2013,611611,Grafo homologación
UH0212,SCIAN 2018,611611,Grafo homologación
UH0212,SCIAN 2023,611611,Grafo homologación
UH0213,SCIAN 2007,611612,Grafo homologación
UH0213,SCIAN 2013,611612,Grafo homologación
UH0213,SCIAN 2018,611612,Grafo homologación
UH0213,SCIAN 2023,611612,Grafo homologación
UH0214,SCIAN 2007,611621,Grafo homologación
UH0214,SCIAN 2013,611621,Grafo homologación
UH0214,SCIAN 2018,611621,Grafo homologación
UH0214,SCIAN 2023,611621,Grafo homologación
UH0215,SCIAN 2007,611622,Grafo homologación
UH0215,SCIAN 2013,611622,Grafo homologación
UH0215,SCIAN 2018,611622,Grafo homologación
UH0215,SCIAN 2023,611622,Grafo homologación
UH0216,SCIAN 2007,611631,Grafo homologación
UH0216,SCIAN 2013,611631,Grafo homologación
UH0216,SCIAN 2018,611631,Grafo homologación
UH0216,SCIAN 2023,611631,Grafo homologación
UH0217,SCIAN 2007,611691,Grafo homologación
UH0217,SCIAN 2013,611691,Grafo homologación
UH0217,SCIAN 2018,611691,Grafo homologación
UH0217,SCIAN 2023,611691,Grafo homologación
UH0218,SCIAN 2007,611698,Grafo homologación
UH0218,SCIAN 2013,611698,Grafo homologación
UH0218,SCIAN 2018,611698,Grafo homologación
UH0218,SCIAN 2023,611698,Grafo homologación
UH0219,SCIAN 2007,611699,Grafo homologación
UH0219,SCIAN 2013,611699,Grafo homologación
UH0219,SCIAN 2018,611699,Grafo homologación
UH0219,SCIAN 2023,611699,Grafo homologación
UH0220,SCIAN 2007,611710,Grafo homologación
UH0220,SCIAN 2013,611710,Grafo homologación
UH0220,SCIAN 2018,611710,Grafo homologación
UH0220,SCIAN 2023,611710,Grafo homologación
FL04,SCIAN 2007,621111,Grafo homologación
FL04,SCIAN 2007,621113,Grafo homologación
FL04,SCIAN 2013,621111,Grafo homologación
FL04,SCIAN 2013,621113,Grafo homologación
FL04,SCIAN 2013,621115,Grafo homologación
FL04,SCIAN 2018,621111,Grafo homologación
FL04,SCIAN 2018,621113,Grafo homologación
FL04,SCIAN 2018,621115,Grafo homologación
FL04,SCIAN 2023,621111,Grafo homologación
FL04,SCIAN 2023,621113,Grafo homologación
FL04,SCIAN 2023,621115,Grafo homologación
FL05,SCIAN 2007,621112,Grafo homologación
FL05,SCIAN 2007,621114,Grafo homologación
FL05,SCIAN 2013,621112,Grafo homologación
FL05,SCIAN 2013,621114,Grafo homologación
FL05,SCIAN 2013,621116,Grafo homologación
FL05,SCIAN 2018,621112,Grafo homologación
FL05,SCIAN 2018,621114,Grafo homologación
FL05,SCIAN 2018,621116,Grafo homologación
FL05,SCIAN 2023,621112,Grafo homologación
FL05,SCIAN 2023,621114,Grafo homologación
FL05,SCIAN 2023,621116,Grafo homologación
UH0221,SCIAN 2007,621211,Grafo homologación
UH0221,SCIAN 2013,621211,Grafo homologación
UH0221,SCIAN 2018,621211,Grafo homologación
UH0221,SCIAN 2023,621211,Grafo homologación
UH0222,SCIAN 2007,621212,Grafo homologación
UH0222,SCIAN 2013,621212,Grafo homologación
UH0222,SCIAN 2018,621212,Grafo homologación
UH0222,SCIAN 2023,621212,Grafo homologación
UH0223,SCIAN 2007,621311,Grafo homologación
UH0223,SCIAN 2013,621311,Grafo homologación
UH0223,SCIAN 2018,621311,Grafo homologación
UH0223,SCIAN 2023,621311,Grafo homologación
UH0224,SCIAN 2007,621320,Grafo homologación
UH0224,SCIAN 2013,621320,Grafo homologación
UH0224,SCIAN 2018,621320,Grafo homologación
UH0224,SCIAN 2023,621320,Grafo homologación
UH0225,SCIAN 2007,621331,Grafo homologación
UH0225,SCIAN 2013,621331,Grafo homologación
UH0225,SCIAN 2018,621331,Grafo homologación
UH0225,SCIAN 2023,621331,Grafo homologación
UH0226,SCIAN 2007,621332,Grafo homologación
UH0226,SCIAN 2013,621332,Grafo homologación
UH0226,SCIAN 2018,621332,Grafo homologación
UH0226,SCIAN 2023,621332,Grafo homologación
UH0227,SCIAN 2007,621341,Grafo homologación
UH0227,SCIAN 2013,621341,Grafo homologación
UH0227,SCIAN 2018,621341,Grafo homologación
UH0227,SCIAN 2023,621341,Grafo homologación
UH0228,SCIAN 2007,621342,Grafo homologación
UH0228,SCIAN 2013,621342,Grafo homologación
UH0228,SCIAN 2018,621342,Grafo homologación
UH0228,SCIAN 2023,621342,Grafo homologación
UH0229,SCIAN 2007,621391,Grafo homologación
UH0229,SCIAN 2013,621391,Grafo homologación
UH0229,SCIAN 2018,621391,Grafo homologación
UH0229,SCIAN 2023,621391,Grafo homologación
UH0230,SCIAN 2007,621398,Grafo homologación
UH0230,SCIAN 2013,621398,Grafo homologación
UH0230,SCIAN 2018,621398,Grafo homologación
UH0230,SCIAN 2023,621398,Grafo homologación
UH0231,SCIAN 2007,621399,Grafo homologación
UH0231,SCIAN 2013,621399,Grafo homologación
UH0231,SCIAN 2018,621399,Grafo homologación
UH0231,SCIAN 2023,621399,Grafo homologación
UH0232,SCIAN 2007,621411,Grafo homologación
UH0232,SCIAN 2013,621411,Grafo homologación
UH0232,SCIAN 2018,621411,Grafo homologación
UH0232,SCIAN 2023,621411,Grafo homologación
UH0233,SCIAN 2007,621421,Grafo homologación
UH0233,SCIAN 2013,621421,Grafo homologación
UH0233,SCIAN 2018,621421,Grafo homologación
UH0233,SCIAN 2023,621421,Grafo homologación
UH0234,SCIAN 2007,621491,Grafo homologación
UH0234,SCIAN 2013,621491,Grafo homologación
UH0234,SCIAN 2018,621491,Grafo homologación
UH0234,SCIAN 2023,621491,Grafo homologación
UH0235,SCIAN 2007,621511,Grafo homologación
UH0235,SCIAN 2013,621511,Grafo homologación
UH0235,SCIAN 2018,621511,Grafo homologación
UH0235,SCIAN 2023,621511,Grafo homologación
UH0236,SCIAN 2007,621512,Grafo homologación
UH0236,SCIAN 2013,621512,Grafo homologación
UH0236,SCIAN 2018,621512,Grafo homologación
UH0236,SCIAN 2023,621512,Grafo homologación
UH0237,SCIAN 2007,621610,Grafo homologación
UH0237,SCIAN 2013,621610,Grafo homologación
UH0237,SCIAN 2018,621610,Grafo homologación
UH0237,SCIAN 2023,621610,Grafo homologación
UH0238,SCIAN 2007,621910,Grafo homologación
UH0238,SCIAN 2013,621910,Grafo homologación
UH0238,SCIAN 2018,621910,Grafo homologación
UH0238,SCIAN 2023,621910,Grafo homologación
UH0239,SCIAN 2007,621991,Grafo homologación
UH0239,SCIAN 2013,621991,Grafo homologación
UH0239,SCIAN 2018,621991,Grafo homologación
UH0239,SCIAN 2023,621991,Grafo homologación
UH0240,SCIAN 2007,621992,Grafo homologación
UH0240,SCIAN 2013,621992,Grafo homologación
UH0240,SCIAN 2018,621992,Grafo homologación
UH0240,SCIAN 2023,621992,Grafo homologación
UH0241,SCIAN 2007,622111,Grafo homologación
UH0241,SCIAN 2013,622111,Grafo homologación
UH0241,SCIAN 2018,622111,Grafo homologación
UH0241,SCIAN 2023,622111,Grafo homologación
UH0242,SCIAN 2007,622112,Grafo homologación
UH0242,SCIAN 2013,622112,Grafo homologación
UH0242,SCIAN 2018,622112,Grafo homologación
UH0242,SCIAN 2023,622112,Grafo homologación
UH0243,SCIAN 2007,622212,Grafo homologación
UH0243,SCIAN 2013,622212,Grafo homologación
UH0243,SCIAN 2018,622212,Grafo homologación
UH0243,SCIAN 2023,622212,Grafo homologación
UH0244,SCIAN 2007,622311,Grafo homologación
UH0244,SCIAN 2013,622311,Grafo homologación
UH0244,SCIAN 2018,622311,Grafo homologación
UH0244,SCIAN 2023,622311,Grafo homologación
UH0245,SCIAN 2007,623111,Grafo homologación
UH0245,SCIAN 2013,623111,Grafo homologación
UH0245,SCIAN 2018,623111,Grafo homologación
UH0245,SCIAN 2023,623111,Grafo homologación
UH0246,SCIAN 2007,623112,Grafo homologación
UH0246,SCIAN 2013,623112,Grafo homologación
UH0246,SCIAN 2018,623112,Grafo homologación
UH0246,SCIAN 2023,623112,Grafo homologación
UH0247,SCIAN 2007,623221,Grafo homologación
UH0247,SCIAN 2013,623221,Grafo homologación
UH0247,SCIAN 2018,623221,Grafo homologación
UH0247,SCIAN 2023,623221,Grafo homologación
UH0248,SCIAN 2007,623311,Grafo homologación
UH0248,SCIAN 2013,623311,Grafo homologación
UH0248,SCIAN 2018,623311,Grafo homologación
UH0248,SCIAN 2023,623311,Grafo homologación
UH0249,SCIAN 2007,623312,Grafo homologación
UH0249,SCIAN 2013,623312,Grafo homologación
UH0249,SCIAN 2018,623312,Grafo homologación
UH0249,SCIAN 2023,623312,Grafo homologación
UH0250,SCIAN 2007,623991,Grafo homologación
UH0250,SCIAN 2013,623991,Grafo homologación
UH0250,SCIAN 2018,623991,Grafo homologación
UH0250,SCIAN 2023,623991,Grafo homologación
UH0251,SCIAN 2007,623992,Grafo homologación
UH0251,SCIAN 2013,623992,Grafo homologación
UH0251,SCIAN 2018,623992,Grafo homologación
UH0251,SCIAN 2023,623992,Grafo homologación
UH0252,SCIAN 2007,624111,Grafo homologación
UH0252,SCIAN 2013,624111,Grafo homologación
UH0252,SCIAN 2018,624111,Grafo homologación
UH0252,SCIAN 2023,624111,Grafo homologación
UH0253,SCIAN 2007,624112,Grafo homologación
UH0253,SCIAN 2013,624112,Grafo homologación
UH0253,SCIAN 2018,624112,Grafo homologación
UH0253,SCIAN 2023,624112,Grafo homologación
UH0254,SCIAN 2007,624121,Grafo homologación
UH0254,SCIAN 2013,624121,Grafo homologación
UH0254,SCIAN 2018,624121,Grafo homologación
UH0254,SCIAN 2023,624121,Grafo homologación
UH0255,SCIAN 2007,624122,Grafo homologación
UH0255,SCIAN 2013,624122,Grafo homologación
UH0255,SCIAN 2018,624122,Grafo homologación
UH0255,SCIAN 2023,624122,Grafo homologación
UH0256,SCIAN 2007,624191,Grafo homologación
UH0256,SCIAN 2013,624191,Grafo homologación
UH0256,SCIAN 2018,624191,Grafo homologación
UH0256,SCIAN 2023,624191,Grafo homologación
UH0257,SCIAN 2007,624198,Grafo homologación
UH0257,SCIAN 2013,624198,Grafo homologación
UH0257,SCIAN 2018,624198,Grafo homologación
UH0257,SCIAN 2023,624198,Grafo homologación
UH0258,SCIAN 2007,624199,Grafo homologación
UH0258,SCIAN 2013,624199,Grafo homologación
UH0258,SCIAN 2018,624199,Grafo homologación
UH0258,SCIAN 2023,624199,Grafo homologación
UH0259,SCIAN 2007,624211,Grafo homologación
UH0259,SCIAN 2013,624211,Grafo homologación
UH0259,SCIAN 2018,624211,Grafo homologación
UH0259,SCIAN 2023,624211,Grafo homologación
UH0260,SCIAN 2007,624212,Grafo homologación
UH0260,SCIAN 2013,624212,Grafo homologación
UH0260,SCIAN 2018,624212,Grafo homologación
UH0260,SCIAN 2023,624212,Grafo homologación
UH0261,SCIAN 2007,624221,Grafo homologación
UH0261,SCIAN 2013,624221,Grafo homologación
UH0261,SCIAN 2018,624221,Grafo homologación
UH0261,SCIAN 2023,624221,Grafo homologación
UH0262,SCIAN 2007,624222,Grafo homologación
UH0262,SCIAN 2013,624222,Grafo homologación
UH0262,SCIAN 2018,624222,Grafo homologación
UH0262,SCIAN 2023,624222,Grafo homologación
UH0263,SCIAN 2007,624231,Grafo homologación
UH0263,SCIAN 2013,624231,Grafo homologación
UH0263,SCIAN 2018,624231,Grafo homologación
UH0263,SCIAN 2023,624231,Grafo homologación
UH0264,SCIAN 2007,624311,Grafo homologación
UH0264,SCIAN 2013,624311,Grafo homologación
UH0264,SCIAN 2018,624311,Grafo homologación
UH0264,SCIAN 2023,624311,Grafo homologación
UH0265,SCIAN 2007,624312,Grafo homologación
UH0265,SCIAN 2013,624312,Grafo homologación
UH0265,SCIAN 2018,624312,Grafo homologación
UH0265,SCIAN 2023,624312,Grafo homologación
UH0266,SCIAN 2007,624411,Grafo homologación
UH0266,SCIAN 2013,624411,Grafo homologación
UH0266,SCIAN 2018,624411,Grafo homologación
UH0266,SCIAN 2023,624411,Grafo homologación
UH0267,SCIAN 2007,624412,Grafo homologación
UH0267,SCIAN 2013,624412,Grafo homologación
UH0267,SCIAN 2018,624412,Grafo homologación
UH0267,SCIAN 2023,624412,Grafo homologación
UH0268,SCIAN 2007,711111,Grafo homologación
UH0268,SCIAN 2013,711111,Grafo homologación
UH0268,SCIAN 2018,711111,Grafo homologación
UH0268,SCIAN 2023,711111,Grafo homologación
UH0269,SCIAN 2007,711112,Grafo homologación
UH0269,SCIAN 2013,711112,Grafo homologación
UH0269,SCIAN 2018,711112,Grafo homologación
UH0269,SCIAN 2023,711112,Grafo homologación
UH0270,SCIAN 2007,711121,Grafo homologación
UH0270,SCIAN 2013,711121,Grafo homologación
UH0270,SCIAN 2018,711121,Grafo homologación
UH0270,SCIAN 2023,711121,Grafo homologación
UH0271,SCIAN 2007,711131,Grafo homologación
UH0271,SCIAN 2013,711131,Grafo homologación
UH0271,SCIAN 2018,711131,Grafo homologación
UH0271,SCIAN 2023,711131,Grafo homologación
UH0272,SCIAN 2007,711191,Grafo homologación
UH0272,SCIAN 2013,711191,Grafo homologación
UH0272,SCIAN 2018,711191,Grafo homologación
UH0272,SCIAN 2023,711191,Grafo homologación
UH0273,SCIAN 2007,711192,Grafo homologación
UH0273,SCIAN 2013,711192,Grafo homologación
UH0273,SCIAN 2018,711192,Grafo homologación
UH0273,SCIAN 2023,711192,Grafo homologación
UH0274,SCIAN 2007,711211,Grafo homologación
UH0274,SCIAN 2013,711211,Grafo homologación
UH0274,SCIAN 2018,711211,Grafo homologación
UH0274,SCIAN 2023,711211,Grafo homologación
UH0275,SCIAN 2007,711212,Grafo homologación
UH0275,SCIAN 2013,711212,Grafo homologación
UH0275,SCIAN 2018,711212,Grafo homologación
UH0275,SCIAN 2023,711212,Grafo homologación
UH0276,SCIAN 2007,711311,Grafo homologación
UH0276,SCIAN 2013,711311,Grafo homologación
UH0276,SCIAN 2018,711311,Grafo homologación
UH0276,SCIAN 2023,711311,Grafo homologación
UH0277,SCIAN 2007,711312,Grafo homologación
UH0277,SCIAN 2013,711312,Grafo homologación
UH0277,SCIAN 2018,711312,Grafo homologación
UH0277,SCIAN 2023,711312,Grafo homologación
UH0278,SCIAN 2007,711320,Grafo homologación
UH0278,SCIAN 2013,711320,Grafo homologación
UH0278,SCIAN 2018,711320,Grafo homologación
UH0278,SCIAN 2023,711320,Grafo homologación
UH0279,SCIAN 2007,711410,Grafo homologación
UH0279,SCIAN 2013,711410,Grafo homologación
UH0279,SCIAN 2018,711410,Grafo homologación
UH0279,SCIAN 2023,711410,Grafo homologación
UH0280,SCIAN 2007,711510,Grafo homologación
UH0280,SCIAN 2013,711510,Grafo homologación
UH0280,SCIAN 2018,711510,Grafo homologación
UH0280,SCIAN 2023,711510,Grafo homologación
UH0281,SCIAN 2007,712111,Grafo homologación
UH0281,SCIAN 2013,712111,Grafo homologación
UH0281,SCIAN 2018,712111,Grafo homologación
UH0281,SCIAN 2023,712111,Grafo homologación
UH0282,SCIAN 2007,712112,Grafo homologación
UH0282,SCIAN 2013,712112,Grafo homologación
UH0282,SCIAN 2018,712112,Grafo homologación
UH0282,SCIAN 2023,712112,Grafo homologación
UH0283,SCIAN 2007,712132,Grafo homologación
UH0283,SCIAN 2013,712132,Grafo homologación
UH0283,SCIAN 2018,712132,Grafo homologación
UH0283,SCIAN 2023,712132,Grafo homologación
UH0284,SCIAN 2007,713111,Grafo homologación
UH0284,SCIAN 2013,713111,Grafo homologación
UH0284,SCIAN 2018,713111,Grafo homologación
UH0284,SCIAN 2023,713111,Grafo homologación
UH0285,SCIAN 2007,713112,Grafo homologación
UH0285,SCIAN 2013,713112,Grafo homologación
UH0285,SCIAN 2018,713112,Grafo homologación
UH0285,SCIAN 2023,713112,Grafo homologación
UH0286,SCIAN 2007,713113,Grafo homologación
UH0286,SCIAN 2013,713113,Grafo homologación
UH0286,SCIAN 2018,713113,Grafo homologación
UH0286,SCIAN 2023,713113,Grafo homologación
UH0287,SCIAN 2007,713120,Grafo homologación
UH0287,SCIAN 2013,713120,Grafo homologación
UH0287,SCIAN 2018,713120,Grafo homologación
UH0287,SCIAN 2023,713120,Grafo homologación
UH0288,SCIAN 2007,713291,Grafo homologación
UH0288,SCIAN 2013,713291,Grafo homologación
UH0288,SCIAN 2018,713291,Grafo homologación
UH0288,SCIAN 2023,713291,Grafo homologación
UH0289,SCIAN 2007,713299,Grafo homologación
UH0289,SCIAN 2013,713299,Grafo homologación
UH0289,SCIAN 2018,713299,Grafo homologación
UH0289,SCIAN 2023,713299,Grafo homologación
UH0290,SCIAN 2007,713910,Grafo homologación
UH0290,SCIAN 2013,713910,Grafo homologación
UH0290,SCIAN 2018,713910,Grafo homologación
UH0290,SCIAN 2023,713910,Grafo homologación
UH0291,SCIAN 2007,713941,Grafo homologación
UH0291,SCIAN 2013,713941,Grafo homologación
UH0291,SCIAN 2018,713941,Grafo homologación
UH0291,SCIAN 2023,713941,Grafo homologación
UH0292,SCIAN 2007,713942,Grafo homologación
UH0292,SCIAN 2013,713942,Grafo homologación
UH0292,SCIAN 2018,713942,Grafo homologación
UH0292,SCIAN 2023,713942,Grafo homologación
UH0293,SCIAN 2007,713943,Grafo homologación
UH0293,SCIAN 2013,713943,Grafo homologación
UH0293,SCIAN 2018,713943,Grafo homologación
UH0293,SCIAN 2023,713943,Grafo homologación
UH0294,SCIAN 2007,713944,Grafo homologación
UH0294,SCIAN 2013,713944,Grafo homologación
UH0294,SCIAN 2018,713944,Grafo homologación
UH0294,SCIAN 2023,713944,Grafo homologación
UH0295,SCIAN 2007,713950,Grafo homologación
UH0295,SCIAN 2013,713950,Grafo homologación
UH0295,SCIAN 2018,713950,Grafo homologación
UH0295,SCIAN 2023,713950,Grafo homologación
UH0296,SCIAN 2007,713991,Grafo homologación
UH0296,SCIAN 2013,713991,Grafo homologación
UH0296,SCIAN 2018,713991,Grafo homologación
UH0296,SCIAN 2023,713991,Grafo homologación
UH0297,SCIAN 2007,713992,Grafo homologación
UH0297,SCIAN 2013,713992,Grafo homologación
UH0297,SCIAN 2018,713992,Grafo homologación
UH0297,SCIAN 2023,713992,Grafo homologación
UH0298,SCIAN 2007,713998,Grafo homologación
UH0298,SCIAN 2013,713998,Grafo homologación
UH0298,SCIAN 2018,713998,Grafo homologación
UH0298,SCIAN 2023,713998,Grafo homologación
UH0299,SCIAN 2007,713999,Grafo homologación
UH0299,SCIAN 2013,713999,Grafo homologación
UH0299,SCIAN 2018,713999,Grafo homologación
UH0299,SCIAN 2023,713999,Grafo homologación
UH0300,SCIAN 2007,721111,Grafo homologación
UH0300,SCIAN 2013,721111,Grafo homologación
UH0300,SCIAN 2018,721111,Grafo homologación
UH0300,SCIAN 2023,721111,Grafo homologación
UH0301,SCIAN 2007,721112,Grafo homologación
UH0301,SCIAN 2013,721112,Grafo homologación
UH0301,SCIAN 2018,721112,Grafo homologación
UH0301,SCIAN 2023,721112,Grafo homologación
UH0302,SCIAN 2007,721113,Grafo homologación
UH0302,SCIAN 2013,721113,Grafo homologación
UH0302,SCIAN 2018,721113,Grafo homologación
UH0302,SCIAN 2023,721113,Grafo homologación
UH0303,SCIAN 2007,721190,Grafo homologación
UH0303,SCIAN 2013,721190,Grafo homologación
UH0303,SCIAN 2018,721190,Grafo homologación
UH0303,SCIAN 2023,721190,Grafo homologación
UH0304,SCIAN 2007,721210,Grafo homologación
UH0304,SCIAN 2013,721210,Grafo homologación
UH0304,SCIAN 2018,721210,Grafo homologación
UH0304,SCIAN 2023,721210,Grafo homologación
UH0305,SCIAN 2007,721311,Grafo homologación
UH0305,SCIAN 2013,721311,Grafo homologación
UH0305,SCIAN 2018,721311,Grafo homologación
UH0305,SCIAN 2023,721311,Grafo homologación
UH0306,SCIAN 2007,721312,Grafo homologación
UH0306,SCIAN 2013,721312,Grafo homologación
UH0306,SCIAN 2018,721312,Grafo homologación
UH0306,SCIAN 2023,721312,Grafo homologación
FL06,SCIAN 2007,722110,Grafo homologación
FL06,SCIAN 2007,722219,Grafo homologación
FL06,SCIAN 2013,722511,Grafo homologación
FL06,SCIAN 2013,722512,Grafo homologación
FL06,SCIAN 2013,722513,Grafo homologación
FL06,SCIAN 2013,722514,Grafo homologación
FL06,SCIAN 2013,722515,Grafo homologación
FL06,SCIAN 2013,722519,Grafo homologación
FL06,SCIAN 2018,722511,Grafo homologación
FL06,SCIAN 2018,722512,Grafo homologación
FL06,SCIAN 2018,722513,Grafo homologación
FL06,SCIAN 2018,722514,Grafo homologación
FL06,SCIAN 2018,722515,Grafo homologación
FL06,SCIAN 2018,722519,Grafo homologación
FL06,SCIAN 2023,722511,Grafo homologación
FL06,SCIAN 2023,722512,Grafo homologación
FL06,SCIAN 2023,722513,Grafo homologación
FL06,SCIAN 2023,722514,Grafo homologación
FL06,SCIAN 2023,722515,Grafo homologación
FL06,SCIAN 2023,722519,Grafo homologación
UH0307,SCIAN 2007,722211,Grafo homologación
UH0307,SCIAN 2013,722516,Grafo homologación
UH0307,SCIAN 2018,722516,Grafo homologación
UH0307,SCIAN 2023,722516,Grafo homologación
FL07,SCIAN 2007,722212,Grafo homologación
FL07,SCIAN 2013,722517,Grafo homologación
FL07,SCIAN 2013,722518,Grafo homologación
FL07,SCIAN 2018,722517,Grafo homologación
FL07,SCIAN 2018,722518,Grafo homologación
FL07,SCIAN 2023,722517,Grafo homologación
FL07,SCIAN 2023,722518,Grafo homologación
UH0308,SCIAN 2007,722310,Grafo homologación
UH0308,SCIAN 2013,722310,Grafo homologación
UH0308,SCIAN 2018,722310,Grafo homologación
UH0308,SCIAN 2023,722310,Grafo homologación
UH0309,SCIAN 2007,722320,Grafo homologación
UH0309,SCIAN 2013,722320,Grafo homologación
UH0309,SCIAN 2018,722320,Grafo homologación
UH0309,SCIAN 2023,722320,Grafo homologación
UH0310,SCIAN 2007,722411,Grafo homologación
UH0310,SCIAN 2013,722411,Grafo homologación
UH0310,SCIAN 2018,722411,Grafo homologación
UH0310,SCIAN 2023,722411,Grafo homologación
UH0311,SCIAN 2007,722412,Grafo homologación
UH0311,SCIAN 2013,722412,Grafo homologación
UH0311,SCIAN 2018,722412,Grafo homologación
UH0311,SCIAN 2023,722412,Grafo homologación
UH0312,SCIAN 2007,811111,Grafo homologación
UH0312,SCIAN 2013,811111,Grafo homologación
UH0312,SCIAN 2018,811111,Grafo homologación
UH0312,SCIAN 2023,811111,Grafo homologación
UH0313,SCIAN 2007,811112,Grafo homologación
UH0313,SCIAN 2013,811112,Grafo homologación
UH0313,SCIAN 2018,811112,Grafo homologación
UH0313,SCIAN 2023,811112,Grafo homologación
UH0314,SCIAN 2007,811113,Grafo homologación
UH0314,SCIAN 2013,811113,Grafo homologación
UH0314,SCIAN 2018,811113,Grafo homologación
UH0314,SCIAN 2023,811113,Grafo homologación
UH0315,SCIAN 2007,811114,Grafo homologación
UH0315,SCIAN 2013,811114,Grafo homologación
UH0315,SCIAN 2018,811114,Grafo homologación
UH0315,SCIAN 2023,811114,Grafo homologación
UH0316,SCIAN 2007,811115,Grafo homologación
UH0316,SCIAN 2013,811115,Grafo homologación
UH0316,SCIAN 2018,811115,Grafo homologación
UH0316,SCIAN 2023,811115,Grafo homologación
UH0317,SCIAN 2007,811116,Grafo homologación
UH0317,SCIAN 2013,811116,Grafo homologación
UH0317,SCIAN 2018,811116,Grafo homologación
UH0317,SCIAN 2023,811116,Grafo homologación
UH0318,SCIAN 2007,811119,Grafo homologación
UH0318,SCIAN 2013,811119,Grafo homologación
UH0318,SCIAN 2018,811119,Grafo homologación
UH0318,SCIAN 2023,811119,Grafo homologación
UH0319,SCIAN 2007,811122,Grafo homologación
UH0319,SCIAN 2013,811122,Grafo homologación
UH0319,SCIAN 2018,811122,Grafo homologación
UH0319,SCIAN 2023,811122,Grafo homologación
UH0320,SCIAN 2007,811191,Grafo homologación
UH0320,SCIAN 2013,811191,Grafo homologación
UH0320,SCIAN 2018,811191,Grafo homologación
UH0320,SCIAN 2023,811191,Grafo homologación
UH0321,SCIAN 2007,811192,Grafo homologación
UH0321,SCIAN 2013,811192,Grafo homologación
UH0321,SCIAN 2018,811192,Grafo homologación
UH0321,SCIAN 2023,811192,Grafo homologación
UH0322,SCIAN 2007,811199,Grafo homologación
UH0322,SCIAN 2013,811199,Grafo homologación
UH0322,SCIAN 2018,811199,Grafo homologación
UH0322,SCIAN 2023,811199,Grafo homologación
UH0323,SCIAN 2007,811211,Grafo homologación
UH0323,SCIAN 2013,811211,Grafo homologación
UH0323,SCIAN 2018,811211,Grafo homologación
UH0323,SCIAN 2023,811211,Grafo homologación
UH0324,SCIAN 2007,811219,Grafo homologación
UH0324,SCIAN 2013,811219,Grafo homologación
UH0324,SCIAN 2018,811219,Grafo homologación
UH0324,SCIAN 2023,811219,Grafo homologación
UH0325,SCIAN 2007,811311,Grafo homologación
UH0325,SCIAN 2013,811311,Grafo homologación
UH0325,SCIAN 2018,811311,Grafo homologación
UH0325,SCIAN 2023,811311,Grafo homologación
UH0326,SCIAN 2007,811312,Grafo homologación
UH0326,SCIAN 2013,811312,Grafo homologación
UH0326,SCIAN 2018,811312,Grafo homologación
UH0326,SCIAN 2023,811312,Grafo homologación
UH0327,SCIAN 2007,811313,Grafo homologación
UH0327,SCIAN 2013,811313,Grafo homologación
UH0327,SCIAN 2018,811313,Grafo homologación
UH0327,SCIAN 2023,811313,Grafo homologación
UH0328,SCIAN 2007,811314,Grafo homologación
UH0328,SCIAN 2013,811314,Grafo homologación
UH0328,SCIAN 2018,811314,Grafo homologación
UH0328,SCIAN 2023,811314,Grafo homologación
UH0329,SCIAN 2007,811410,Grafo homologación
UH0329,SCIAN 2013,811410,Grafo homologación
UH0329,SCIAN 2018,811410,Grafo homologación
UH0329,SCIAN 2023,811410,Grafo homologación
UH0330,SCIAN 2007,811420,Grafo homologación
UH0330,SCIAN 2013,811420,Grafo homologación
UH0330,SCIAN 2018,811420,Grafo homologación
UH0330,SCIAN 2023,811420,Grafo homologación
UH0331,SCIAN 2007,811430,Grafo homologación
UH0331,SCIAN 2013,811430,Grafo homologación
UH0331,SCIAN 2018,811430,Grafo homologación
UH0331,SCIAN 2023,811430,Grafo homologación
UH0332,SCIAN 2007,811491,Grafo homologación
UH0332,SCIAN 2013,811491,Grafo homologación
UH0332,SCIAN 2018,811491,Grafo homologación
UH0332,SCIAN 2023,811491,Grafo homologación
UH0333,SCIAN 2007,811492,Grafo homologación
UH0333,SCIAN 2013,811492,Grafo homologación
UH0333,SCIAN 2018,811492,Grafo homologación
UH0333,SCIAN 2023,811492,Grafo homologación
UH0334,SCIAN 2007,811493,Grafo homologación
UH0334,SCIAN 2013,811493,Grafo homologación
UH0334,SCIAN 2018,811493,Grafo homologación
UH0334,SCIAN 2023,811493,Grafo homologación
UH0335,SCIAN 2007,811499,Grafo homologación
UH0335,SCIAN 2013,811499,Grafo homologación
UH0335,SCIAN 2018,811499,Grafo homologación
UH0335,SCIAN 2023,811499,Grafo homologación
UH0336,SCIAN 2007,812110,Grafo homologación
UH0336,SCIAN 2013,812110,Grafo homologación
UH0336,SCIAN 2018,812110,Grafo homologación
UH0336,SCIAN 2023,812110,Grafo homologación
UH0337,SCIAN 2007,812120,Grafo homologación
UH0337,SCIAN 2013,812120,Grafo homologación
UH0337,SCIAN 2018,812120,Grafo homologación
UH0337,SCIAN 2023,812120,Grafo homologación
UH0338,SCIAN 2007,812130,Grafo homologación
UH0338,SCIAN 2013,812130,Grafo homologación
UH0338,SCIAN 2018,812130,Grafo homologación
UH0338,SCIAN 2023,812130,Grafo homologación
UH0339,SCIAN 2007,812210,Grafo homologación
UH0339,SCIAN 2013,812210,Grafo homologación
UH0339,SCIAN 2018,812210,Grafo homologación
UH0339,SCIAN 2023,812210,Grafo homologación
UH0340,SCIAN 2007,812310,Grafo homologación
UH0340,SCIAN 2013,812310,Grafo homologación
UH0340,SCIAN 2018,812310,Grafo homologación
UH0340,SCIAN 2023,812310,Grafo homologación
FL08,SCIAN 2007,812320,Grafo homologación
FL08,SCIAN 2013,812321,Grafo homologación
FL08,SCIAN 2013,812322,Grafo homologación
FL08,SCIAN 2018,812321,Grafo homologación
FL08,SCIAN 2018,812322,Grafo homologación
FL08,SCIAN 2023,812321,Grafo homologación
FL08,SCIAN 2023,812322,Grafo homologación
UH0341,SCIAN 2007,812410,Grafo homologación
UH0341,SCIAN 2013,812410,Grafo homologación
UH0341,SCIAN 2018,812410,Grafo homologación
UH0341,SCIAN 2023,812410,Grafo homologación
UH0342,SCIAN 2007,812910,Grafo homologación
UH0342,SCIAN 2013,812910,Grafo homologación
UH0342,SCIAN 2018,812910,Grafo homologación
UH0342,SCIAN 2023,812910,Grafo homologación
UH0343,SCIAN 2007,812990,Grafo homologación
UH0343,SCIAN 2013,812990,Grafo homologación
UH0343,SCIAN 2018,812990,Grafo homologación
UH0343,SCIAN 2023,812990,Grafo homologación
UH0344,SCIAN 2007,813110,Grafo homologación
UH0344,SCIAN 2013,813110,Grafo homologación
UH0344,SCIAN 2018,813110,Grafo homologación
UH0344,SCIAN 2023,813110,Grafo homologación
UH0345,SCIAN 2007,813120,Grafo homologación
UH0345,SCIAN 2013,813120,Grafo homologación
UH0345,SCIAN 2018,813120,Grafo homologación
UH0345,SCIAN 2023,813120,Grafo homologación
UH0346,SCIAN 2007,813130,Grafo homologación
UH0346,SCIAN 2013,813130,Grafo homologación
UH0346,SCIAN 2018,813130,Grafo homologación
UH0346,SCIAN 2023,813130,Grafo homologación
UH0347,SCIAN 2007,813140,Grafo homologación
UH0347,SCIAN 2013,813140,Grafo homologación
UH0347,SCIAN 2018,813140,Grafo homologación
UH0347,SCIAN 2023,813140,Grafo homologación
UH0348,SCIAN 2007,813210,Grafo homologación
UH0348,SCIAN 2013,813210,Grafo homologación
UH0348,SCIAN 2018,813210,Grafo homologación
UH0348,SCIAN 2023,813210,Grafo homologación
UH0349,SCIAN 2007,813230,Grafo homologación
UH0349,SCIAN 2013,813230,Grafo homologación
UH0349,SCIAN 2018,813230,Grafo homologación
UH0349,SCIAN 2023,813230,Grafo homologación
UH0350,SCIAN 2007,931510,Grafo homologación
UH0350,SCIAN 2013,931510,Grafo homologación
UH0350,SCIAN 2018,562112,Grafo homologación
UH0350,SCIAN 2018,562122,Grafo homologación
UH0350,SCIAN 2018,562212,Grafo homologación
UH0350,SCIAN 2018,562222,Grafo homologación
UH0350,SCIAN 2018,562912,Grafo homologación
UH0350,SCIAN 2018,562922,Grafo homologación
UH0350,SCIAN 2018,562999,Grafo homologación
UH0350,SCIAN 2018,931510,Grafo homologación
UH0350,SCIAN 2023,562112,Grafo homologación
UH0350,SCIAN 2023,562122,Grafo homologación
UH0350,SCIAN 2023,562212,Grafo homologación
UH0350,SCIAN 2023,562222,Grafo homologación
UH0350,SCIAN 2023,562912,Grafo homologación
UH0350,SCIAN 2023,562922,Grafo homologación
UH0350,SCIAN 2023,562999,Grafo homologación
UH0350,SCIAN 2023,931510,Grafo homologación
UH0370,SCIAN 2013,488190,Grafo homologación
UH0370,SCIAN 2018,488190,Grafo homologación
UH0370,SCIAN 2023,488190,Grafo homologación
UH0371,SCIAN 2013,523990,Grafo homologación
UH0371,SCIAN 2018,523990,Grafo homologación
UH0371,SCIAN 2023,523990,Grafo homologación
UH0372,SCIAN 2013,531111,Grafo homologación
UH0372,SCIAN 2018,531111,Grafo homologación
UH0372,SCIAN 2023,531111,Grafo homologación
UH0373,SCIAN 2013,532122,Grafo homologación
UH0373,SCIAN 2018,532122,Grafo homologación
UH0373,SCIAN 2023,532122,Grafo homologación
UH0374,SCIAN 2013,532491,Grafo homologación
UH0374,SCIAN 2018,532491,Grafo homologación
UH0374,SCIAN 2023,532491,Grafo homologación
UH0375,SCIAN 2013,541820,Grafo homologación
UH0375,SCIAN 2018,541820,Grafo homologación
UH0375,SCIAN 2023,541820,Grafo homologación
UH0376,SCIAN 2013,541860,Grafo homologación
UH0376,SCIAN 2018,541860,Grafo homologación
UH0376,SCIAN 2023,541860,Grafo homologación
UH0378,SCIAN 2013,611432,Grafo homologación
UH0378,SCIAN 2018,611432,Grafo homologación
UH0378,SCIAN 2023,611432,Grafo homologación
UH0379,SCIAN 2013,611632,Grafo homologación
UH0379,SCIAN 2018,611632,Grafo homologación
UH0379,SCIAN 2023,611632,Grafo homologación
UH0380,SCIAN 2013,621312,Grafo homologación
UH0380,SCIAN 2018,621312,Grafo homologación
UH0380,SCIAN 2023,621312,Grafo homologación
UH0381,SCIAN 2013,621392,Grafo homologación
UH0381,SCIAN 2018,621392,Grafo homologación
UH0381,SCIAN 2023,621392,Grafo homologación
UH0382,SCIAN 2013,621492,Grafo homologación
UH0382,SCIAN 2018,621492,Grafo homologación
UH0382,SCIAN 2023,621492,Grafo homologación
UH0383,SCIAN 2013,622211,Grafo homologación
UH0383,SCIAN 2018,622211,Grafo homologación
UH0383,SCIAN 2023,622211,Grafo homologación
UH0384,SCIAN 2013,622312,Grafo homologación
UH0384,SCIAN 2018,622312,Grafo homologación
UH0384,SCIAN 2023,622312,Grafo homologación
UH0385,SCIAN 2013,623211,Grafo homologación
UH0385,SCIAN 2018,623211,Grafo homologación
UH0385,SCIAN 2023,623211,Grafo homologación
UH0386,SCIAN 2013,712131,Grafo homologación
UH0386,SCIAN 2018,712131,Grafo homologación
UH0386,SCIAN 2023,712131,Grafo homologación
UH0387,SCIAN 2013,722330,Grafo homologación
UH0387,SCIAN 2018,722330,Grafo homologación
UH0387,SCIAN 2023,722330,Grafo homologación
UH0389,SCIAN 2018,484233,Grafo homologación
UH0389,SCIAN 2023,484233,Grafo homologación
UH0390,SCIAN 2018,541930,Grafo homologación
UH0390,SCIAN 2023,541930,Grafo homologación
UH0391,SCIAN 2018,711132,Grafo homologación
UH0391,SCIAN 2023,711132,Grafo homologación
UH0392,SCIAN 2018,713114,Grafo homologación
UH0392,SCIAN 2023,713114,Grafo homologación
UH0389,SCIAN 2007,484233,Catálogo oficial - continuidad auditada
UH0389,SCIAN 2013,484233,Catálogo oficial - continuidad auditada
UH0390,SCIAN 2007,541930,Catálogo oficial - continuidad auditada
UH0390,SCIAN 2013,541930,Catálogo oficial - continuidad auditada
UH0391,SCIAN 2007,711132,Catálogo oficial - continuidad auditada
UH0391,SCIAN 2013,711132,Catálogo oficial - continuidad auditada
UH0392,SCIAN 2007,713114,Catálogo oficial - continuidad auditada
UH0392,SCIAN 2013,713114,Catálogo oficial - continuidad auditada
UH0370,SCIAN 2007,488190,Catálogo oficial - continuidad auditada
UH0371,SCIAN 2007,523990,Catálogo oficial - continuidad auditada
UH0372,SCIAN 2007,531111,Catálogo oficial - continuidad auditada
UH0373,SCIAN 2007,532122,Catálogo oficial - continuidad auditada
UH0374,SCIAN 2007,532491,Catálogo oficial - continuidad auditada
UH0375,SCIAN 2007,541820,Catálogo oficial - continuidad auditada
UH0376,SCIAN 2007,541860,Catálogo oficial - continuidad auditada
UH0378,SCIAN 2007,611432,Catálogo oficial - continuidad auditada
UH0379,SCIAN 2007,611632,Catálogo oficial - continuidad auditada
UH0380,SCIAN 2007,621312,Catálogo oficial - continuidad auditada
UH0381,SCIAN 2007,621392,Catálogo oficial - continuidad auditada
UH0382,SCIAN 2007,621492,Catálogo oficial - continuidad auditada
UH0383,SCIAN 2007,622211,Catálogo oficial - continuidad auditada
UH0384,SCIAN 2007,622312,Catálogo oficial - continuidad auditada
UH0385,SCIAN 2007,623211,Catálogo oficial - continuidad auditada
UH0386,SCIAN 2007,712131,Catálogo oficial - continuidad auditada
UH0387,SCIAN 2007,722330,Catálogo oficial - continuidad auditada
