Familia,Total_nodos,N_SCIAN_2007,Codigos_SCIAN_2007,N_SCIAN_2013,Codigos_SCIAN_2013,N_SCIAN_2018,Codigos_SCIAN_2018,N_SCIAN_2023,Codigos_SCIAN_2023,N_grupos_originales,Grupos_originales
FL01,330,80,461110 | 461121 | 461122 | 461123 | 461130 | 461140 | 461150 | 461160 | 461170 | 461190 | 461211 | 461212 | 461213 | 462111 | 462112 | 462210 | 463111 | 463112 | 463113 | 463211 | 463212 | 463213 | 463214 | 463215 | 463216 | 463217 | 463218 | 463310 | 464111 | 464112 | 464113 | 464121 | 464122 | 465111 | 465112 | 465211 | 465212 | 465213 | 465214 | 465215 | 465216 | 465311 | 465312 | 465313 | 465911 | 465912 | 465913 | 465914 | 465919 | 466111 | 466112 | 466113 | 466114 | 466211 | 466212 | 466311 | 466312 | 466313 | 466314 | 466319 | 466410 | 467111 | 467112 | 467113 | 467114 | 467115 | 467116 | 467117 | 468111 | 468112 | 468211 | 468212 | 468213 | 468311 | 468411 | 468412 | 468413 | 468419 | 468420 | 469110,82,461110 | 461121 | 461122 | 461123 | 461130 | 461140 | 461150 | 461160 | 461170 | 461190 | 461211 | 461212 | 461213 | 461220 | 462111 | 462112 | 462210 | 463111 | 463112 | 463113 | 463211 | 463212 | 463213 | 463214 | 463215 | 463216 | 463217 | 463218 | 463310 | 464111 | 464112 | 464113 | 464121 | 464122 | 465111 | 465112 | 465211 | 465212 | 465213 | 465214 | 465215 | 465216 | 465311 | 465312 | 465313 | 465911 | 465912 | 465913 | 465914 | 465915 | 465919 | 466111 | 466112 | 466113 | 466114 | 466211 | 466212 | 466311 | 466312 | 466313 | 466314 | 466319 | 466410 | 467111 | 467112 | 467113 | 467114 | 467115 | 467116 | 467117 | 468111 | 468112 | 468211 | 468212 | 468213 | 468311 | 468411 | 468412 | 468413 | 468419 | 468420 | 469110,84,461110 | 461121 | 461122 | 461123 | 461130 | 461140 | 461150 | 461160 | 461170 | 461190 | 461211 | 461212 | 461213 | 461220 | 462111 | 462112 | 462210 | 463111 | 463112 | 463113 | 463211 | 463212 | 463213 | 463214 | 463215 | 463216 | 463217 | 463218 | 463310 | 464111 | 464112 | 464113 | 464121 | 464122 | 465111 | 465112 | 465211 | 465212 | 465213 | 465214 | 465215 | 465216 | 465311 | 465312 | 465313 | 465911 | 465912 | 465913 | 465914 | 465915 | 465919 | 466111 | 466112 | 466113 | 466114 | 466211 | 466212 | 466311 | 466312 | 466313 | 466314 | 466319 | 466410 | 467111 | 467112 | 467113 | 467114 | 467115 | 467116 | 467117 | 468111 | 468112 | 468211 | 468212 | 468213 | 468311 | 468319 | 468411 | 468412 | 468413 | 468414 | 468419 | 468420 | 469110,84,461110 | 461121 | 461122 | 461123 | 461130 | 461140 | 461150 | 461160 | 461170 | 461190 | 461211 | 461212 | 461213 | 461220 | 462111 | 462112 | 462210 | 463111 | 463112 | 463113 | 463211 | 463212 | 463213 | 463214 | 463215 | 463216 | 463217 | 463218 | 463310 | 464111 | 464112 | 464113 | 464121 | 464122 | 465111 | 465112 | 465211 | 465212 | 465213 | 465214 | 465215 | 465216 | 465311 | 465312 | 465313 | 465911 | 465912 | 465913 | 465914 | 465915 | 465919 | 466111 | 466112 | 466113 | 466114 | 466211 | 466212 | 466311 | 466312 | 466313 | 466314 | 466319 | 466410 | 467111 | 467112 | 467113 | 467114 | 467115 | 467116 | 467117 | 468111 | 468112 | 468211 | 468212 | 468213 | 468311 | 468319 | 468411 | 468412 | 468413 | 468414 | 468419 | 468420 | 469110,3,2007 → 2013 | G01 || 2013 → 2018 | G01 || 2018 → 2023 | G01
FL02,11,2,522430 | 522490,5,522410 | 522420 | 522430 | 522460 | 522490,2,522460 | 522490,2,522460 | 522490,1,2007 → 2013 | G02
FL03,5,1,531119,2,531116 | 531119,1,531119,1,531119,1,2007 → 2013 | G03
FL04,11,2,621111 | 621113,3,621111 | 621113 | 621115,3,621111 | 621113 | 621115,3,621111 | 621113 | 621115,1,2007 → 2013 | G04
FL05,9,2,621112 | 621114,3,621112 | 621114 | 621116,2,621112 | 621116,2,621112 | 621116,1,2007 → 2013 | G05
FL06,20,2,722110 | 722219,6,722511 | 722512 | 722513 | 722514 | 722515 | 722519,6,722511 | 722512 | 722513 | 722514 | 722515 | 722519,6,722511 | 722512 | 722513 | 722514 | 722515 | 722519,1,2007 → 2013 | G06
FL07,7,1,722212,2,722517 | 722518,2,722517 | 722518,2,722517 | 722518,1,2007 → 2013 | G07
FL08,7,1,812320,2,812321 | 812322,2,812321 | 812322,2,812321 | 812322,1,2007 → 2013 | G08
FL09,12,2,811121 | 811129,3,336210 | 811121 | 811129,4,336210 | 811121 | 811123 | 811129,3,811121 | 811123 | 811129,2,2013 → 2018 | G04 || 2018 → 2023 | G03
FL10,5,1,485111,1,485111,2,485111 | 485115,1,485111,1,2013 → 2018 | G02
FL11,16,2,562111 | 562112,2,562111 | 562112,7,562111 | 562121 | 562211 | 562221 | 562911 | 562921 | 562998,5,562111 | 562121 | 562221 | 562911 | 562998,1,2013 → 2018 | G03
FL12,51,9,511112 | 511121 | 511131 | 511132 | 511210 | 515110 | 515120 | 519110 | 519130,10,511112 | 511121 | 511131 | 511132 | 511210 | 515110 | 515120 | 515210 | 519110 | 519130,17,511111 | 511112 | 511121 | 511122 | 511131 | 511132 | 511141 | 511142 | 511191 | 511192 | 511210 | 515110 | 515120 | 515210 | 519110 | 519130 | 519190,15,513111 | 513112 | 513121 | 513122 | 513131 | 513132 | 513141 | 513142 | 513191 | 513192 | 513210 | 516110 | 516120 | 516210 | 519290,1,2018 → 2023 | G02
