Grupo_homologado,Año,Version_SCIAN,Establecimientos
G06,2010,SCIAN 2007,1924
G06,2011,SCIAN 2007,1930
G06,2012,SCIAN 2007,1943
G06,2013,SCIAN 2007,1962
G06,2015,SCIAN 2013,3945
G06,2016,SCIAN 2013,3972
G06,2017,SCIAN 2013,3977
G06,2018,SCIAN 2018,3977
G06,2019,SCIAN 2018,4340
G06,2020,SCIAN 2018,4443
G06,2021,SCIAN 2018,4418
G06,2022,SCIAN 2018,4419
G06,2023,SCIAN 2018,4438
G06,2024,SCIAN 2023,5010
G06,2025,SCIAN 2023,5127
G06,2026,SCIAN 2023,5139
G07,2010,SCIAN 2007,1975
G07,2011,SCIAN 2007,1975
G07,2012,SCIAN 2007,1977
G07,2013,SCIAN 2007,1971
G07,2015,SCIAN 2013,1120
G07,2016,SCIAN 2013,1122
G07,2017,SCIAN 2013,1125
G07,2018,SCIAN 2018,1128
G07,2019,SCIAN 2018,1329
G07,2020,SCIAN 2018,1416
G07,2021,SCIAN 2018,1397
G07,2022,SCIAN 2018,1396
G07,2023,SCIAN 2018,1393
G07,2024,SCIAN 2023,1227
G07,2025,SCIAN 2023,1298
G07,2026,SCIAN 2023,1307
