Año,Version_SCIAN,Limite_inferior,Establecimientos_ambiguos_811123,Limite_superior,Amplitud_incertidumbre,Total_comercio_servicios,Incertidumbre_pct_universo
2010,SCIAN 2007,366,0,366,0,34656,0.0
2011,SCIAN 2007,367,0,367,0,35093,0.0
2012,SCIAN 2007,368,0,368,0,35289,0.0
2013,SCIAN 2007,368,0,368,0,35797,0.0
2015,SCIAN 2013,398,0,398,0,37677,0.0
2016,SCIAN 2013,399,0,399,0,38372,0.0
2017,SCIAN 2013,399,0,399,0,38536,0.0
2018,SCIAN 2018,399,0,399,0,38728,0.0
2019,SCIAN 2018,426,1,427,1,40484,0.0024701116490465367
2020,SCIAN 2018,430,1,431,1,41448,0.002412661648330438
2021,SCIAN 2018,430,1,431,1,41290,0.002421893921046258
2022,SCIAN 2018,430,1,431,1,41303,0.0024211316369270996
2023,SCIAN 2018,432,1,433,1,41323,0.002419959828666844
2024,SCIAN 2023,448,1,449,1,44931,0.002225634862344484
2025,SCIAN 2023,452,1,453,1,45353,0.002204925804246687
2026,SCIAN 2023,452,1,453,1,45675,0.0021893814997263274
