group_id,scian,label
restaurants_722511,722511,Restaurantes a la carta o comida corrida
restaurants_722512,722512,Pescados y mariscos
restaurants_722513,722513,Antojitos
restaurants_722514,722514,Tacos y tortas
restaurants_722515,722515,"Cafeterías, neverías, refresquerías y similares"
restaurants_722516,722516,Autoservicio
restaurants_722517,722517,Pizzas/hamburguesas/hot dogs/pollos para llevar
restaurants_722518,722518,Otros alimentos para llevar
restaurants_722519,722519,Otros alimentos para consumo inmediato
groceries_461110,461110,"Tiendas de abarrotes, ultramarinos y misceláneas"
