Corte,Estado
2010,Procesado
2011,Procesado
2012,Procesado
2013_07,Pendiente
2013_10,Pendiente
2015,Pendiente
2016_01,Auditado - no seleccionado
2016_10,Procesado - corte seleccionado
2017_03,Auditado - no seleccionado
2017_11,Procesado - corte seleccionado
2018_03,Auditado - no seleccionado
2018_11,Procesado - corte seleccionado
2019_04,Auditado - no seleccionado
2019_11,Procesado - corte seleccionado
2020_04,Auditado - no seleccionado
2020_11,Procesado - corte seleccionado
2021_05,Auditado - no seleccionado
2021_11,Procesado - corte seleccionado
2022_05,Auditado - no seleccionado
2022_11,Procesado - corte seleccionado
2023_11,Procesado - único corte disponible
2024_05,Auditado - no seleccionado
2024_11,Procesado - corte seleccionado
2025_05,Procesado - único corte disponible
2026_05,Procesado - único corte disponible
