Año,Total_min,Total_max,Total_original,Diferencia_max_original,Amplitud_total
2010,34656,34656,34656,0,0
2011,35093,35093,35093,0,0
2012,35289,35289,35289,0,0
2013,35797,35797,35797,0,0
2015,37677,37677,37677,0,0
2016,38372,38372,38372,0,0
2017,38536,38536,38536,0,0
2018,38728,38728,38728,0,0
2019,40483,40484,40484,0,1
2020,41447,41448,41448,0,1
2021,41289,41290,41290,0,1
2022,41302,41303,41303,0,1
2023,41322,41323,41323,0,1
2024,44930,44931,44931,0,1
2025,45352,45353,45353,0,1
2026,45674,45675,45675,0,1
