Año,Sector,Cambio_sector,Principal_aumento,Cambio_principal_aumento,Top3_aumentos,Principal_disminucion,Cambio_principal_disminucion,Top3_disminuciones,Codigos_principal_aumento,Codigos_principal_disminucion,Aporte_principal_aumento_pct,Aporte_principal_disminucion_pct
2015,72,1162.0,FL06,1983.0,2093.0,FL07,-851.0,-953.0,722110 | 722219 | 722511 | 722512 | 722513 | 722514 | 722515 | 722519,722212 | 722517 | 722518,170.6540447504303,-73.23580034423408
2015,81,825.0,UH0335,186.0,458.0,UH0324,-35.0,-78.0,811499,811219,22.545454545454547,-4.242424242424243
2015,62,249.0,UH0221,141.0,203.0,UH0251,-22.0,-44.0,621211,623992,56.62650602409639,-8.835341365461847
2019,72,750.0,FL06,363.0,714.0,UH0302,-10.0,-16.0,722110 | 722219 | 722511 | 722512 | 722513 | 722514 | 722515 | 722519,721113,48.4,-1.3333333333333335
2019,81,788.0,UH0336,561.0,703.0,UH0335,-87.0,-141.0,812110,811499,71.19289340101524,-11.040609137055837
2019,62,253.0,UH0221,103.0,181.0,FL04,-40.0,-74.0,621211,621111 | 621113 | 621115,40.71146245059288,-15.810276679841898
2021,72,-42.0,UH0308,3.0,4.0,FL06,-25.0,-45.0,722310,722110 | 722219 | 722511 | 722512 | 722513 | 722514 | 722515 | 722519,-7.142857142857142,59.523809523809526
2021,81,-36.0,UH0330,1.0,2.0,UH0336,-14.0,-22.0,811420,812110,-2.7777777777777777,38.88888888888889
2021,62,-34.0,UH0235,4.0,9.0,UH0221,-15.0,-33.0,621511,621211,-11.76470588235294,44.11764705882353
2024,72,498.0,FL06,572.0,675.0,FL07,-166.0,-183.0,722110 | 722219 | 722511 | 722512 | 722513 | 722514 | 722515 | 722519,722212 | 722517 | 722518,114.85943775100402,-33.33333333333333
2024,81,1116.0,UH0336,794.0,965.0,UH0323,-18.0,-41.0,812110,811211,71.14695340501792,-1.6129032258064515
2024,62,424.0,FL04,134.0,293.0,UH0266,-14.0,-30.0,621111 | 621113 | 621115,624411,31.60377358490566,-3.30188679245283
