Año,Sector_analisis,Nombre_sector,Establecimientos,Cambio_absoluto,Cambio_porcentual,Cambio_total_servicios,Aporte_pct_al_cambio_servicios,Magnitud_cambio
2015,72,Alojamiento temporal y preparación de alimentos y bebidas,5569,1162.0,26.367143181302467,1970.0,58.98477157360406,1162.0
2015,81,Otros servicios excepto actividades gubernamentales,6475,825.0,14.601769911504414,1970.0,41.878172588832484,825.0
2015,54,"Servicios profesionales, científicos y técnicos",1230,-249.0,-16.835699797160242,1970.0,-12.639593908629443,249.0
2015,62,Servicios de salud y asistencia social,3009,249.0,9.021739130434781,1970.0,12.639593908629443,249.0
2015,48-49,"Transportes, correos y almacenamiento",224,-235.0,-51.19825708061002,1970.0,-11.928934010152284,235.0
2015,52,Servicios financieros y de seguros,589,179.0,43.65853658536585,1970.0,9.086294416243655,179.0
2015,61,Servicios educativos,1224,117.0,10.569105691056912,1970.0,5.939086294416244,117.0
2015,56,Servicios de apoyo a los negocios y manejo de residuos,1068,-39.0,-3.5230352303523005,1970.0,-1.9796954314720812,39.0
2015,51,Información en medios masivos,143,-38.0,-20.994475138121548,1970.0,-1.9289340101522845,38.0
2015,71,"Servicios de esparcimiento, culturales y deportivos",520,-6.0,-1.1406844106463865,1970.0,-0.3045685279187817,6.0
2015,53,Servicios inmobiliarios y de alquiler,671,5.0,0.7507507507507505,1970.0,0.25380710659898476,5.0
2019,81,Otros servicios excepto actividades gubernamentales,7281,788.0,12.136146619436317,1566.0,50.31928480204342,788.0
2019,72,Alojamiento temporal y preparación de alimentos y bebidas,6357,750.0,13.376136971642595,1566.0,47.89272030651341,750.0
2019,62,Servicios de salud y asistencia social,3325,253.0,8.235677083333325,1566.0,16.15581098339719,253.0
2019,56,Servicios de apoyo a los negocios y manejo de residuos,832,-248.0,-22.962962962962962,1566.0,-15.836526181353769,248.0
2019,71,"Servicios de esparcimiento, culturales y deportivos",631,72.0,12.880143112701248,1566.0,4.597701149425287,72.0
2019,52,Servicios financieros y de seguros,723,-65.0,-8.248730964467011,1566.0,-4.150702426564496,65.0
2019,51,Información en medios masivos,136,-53.0,-28.042328042328045,1566.0,-3.3844189016602813,53.0
2019,61,Servicios educativos,1298,21.0,1.644479248238051,1566.0,1.3409961685823755,21.0
2019,53,Servicios inmobiliarios y de alquiler,700,19.0,2.7900146842878115,1566.0,1.2132822477650063,19.0
2019,48-49,"Transportes, correos y almacenamiento",270,17.0,6.719367588932812,1566.0,1.0855683269476373,17.0
2019,54,"Servicios profesionales, científicos y técnicos",1289,12.0,0.9397024275646038,1566.0,0.7662835249042145,12.0
2021,72,Alojamiento temporal y preparación de alimentos y bebidas,6406,-42.0,-0.6513647642679921,-166.0,25.301204819277107,42.0
2021,81,Otros servicios excepto actividades gubernamentales,7315,-36.0,-0.48972928853217024,-166.0,21.686746987951807,36.0
2021,62,Servicios de salud y asistencia social,3370,-34.0,-0.9988249118683901,-166.0,20.481927710843372,34.0
2021,56,Servicios de apoyo a los negocios y manejo de residuos,858,-16.0,-1.830663615560646,-166.0,9.63855421686747,16.0
2021,61,Servicios educativos,1370,-15.0,-1.0830324909747335,-166.0,9.036144578313253,15.0
2021,53,Servicios inmobiliarios y de alquiler,717,-13.0,-1.7808219178082174,-166.0,7.83132530120482,13.0
2021,52,Servicios financieros y de seguros,906,-8.0,-0.8752735229759279,-166.0,4.819277108433735,8.0
2021,71,"Servicios de esparcimiento, culturales y deportivos",586,-5.0,-0.8460236886632777,-166.0,3.0120481927710845,5.0
2021,51,Información en medios masivos,193,2.0,1.0471204188481575,-166.0,-1.2048192771084338,2.0
2021,48-49,"Transportes, correos y almacenamiento",273,1.0,0.3676470588235281,-166.0,-0.6024096385542169,1.0
2021,54,"Servicios profesionales, científicos y técnicos",1304,0.0,0.0,-166.0,-0.0,0.0
2024,81,Otros servicios excepto actividades gubernamentales,8433,1116.0,15.252152521525208,1843.0,60.55344546934346,1116.0
2024,72,Alojamiento temporal y preparación de alimentos y bebidas,6920,498.0,7.754593584553104,1843.0,27.02116115029843,498.0
2024,62,Servicios de salud y asistencia social,3794,424.0,12.581602373887236,1843.0,23.00596852957135,424.0
2024,56,Servicios de apoyo a los negocios y manejo de residuos,712,-131.0,-15.539739027283517,1843.0,-7.107976125881714,131.0
2024,61,Servicios educativos,1315,-64.0,-4.6410442349528624,1843.0,-3.472599023331525,64.0
2024,48-49,"Transportes, correos y almacenamiento",325,39.0,13.636363636363647,1843.0,2.1161150298426477,39.0
2024,53,Servicios inmobiliarios y de alquiler,763,36.0,4.951856946354893,1843.0,1.9533369506239826,36.0
2024,52,Servicios financieros y de seguros,864,-35.0,-3.8932146829810943,1843.0,-1.8990775908844275,35.0
2024,54,"Servicios profesionales, científicos y técnicos",1271,-28.0,-2.155504234026173,1843.0,-1.519262072707542,28.0
2024,51,Información en medios masivos,167,-25.0,-13.020833333333337,1843.0,-1.3564839934888768,25.0
2024,71,"Servicios de esparcimiento, culturales y deportivos",606,13.0,2.1922428330522825,1843.0,0.705371676614216,13.0
