Año,Macrogrupo,Establecimientos,Cambio_absoluto,Cambio_porcentual,Años_desde_corte_anterior
2010,Comercio al por menor,16693,,,
2011,Comercio al por menor,16824,131.0,0.7847600790750642,1.0
2012,Comercio al por menor,16860,36.0,0.21398002853068032,1.0
2013,Comercio al por menor,17045,185.0,1.0972716488730772,1.0
2015,Comercio al por menor,16955,-90.0,-0.5280140803754718,2.0
2016,Comercio al por menor,17313,358.0,2.1114715423179,1.0
2017,Comercio al por menor,17427,114.0,0.6584647374805019,1.0
2018,Comercio al por menor,17452,25.0,0.1434555574682861,1.0
2019,Comercio al por menor,17642,190.0,1.0887004354801721,1.0
2020,Comercio al por menor,17984,342.0,1.938555719306212,1.0
2021,Comercio al por menor,17992,8.0,0.04448398576513135,1.0
2022,Comercio al por menor,17997,5.0,0.027790128946203474,1.0
2023,Comercio al por menor,17996,-1.0,-0.005556481635826671,1.0
2024,Comercio al por menor,19761,1765.0,9.807735052233824,1.0
2025,Comercio al por menor,19994,233.0,1.1790901270178678,1.0
2026,Comercio al por menor,20292,298.0,1.490447134140238,1.0
2010,Servicios,17963,,,
2011,Servicios,18269,306.0,1.7035016422646487,1.0
2012,Servicios,18429,160.0,0.8758005364278176,1.0
2013,Servicios,18752,323.0,1.7526724184708797,1.0
2015,Servicios,20722,1970.0,10.505546075085315,2.0
2016,Servicios,21059,337.0,1.6262908985619218,1.0
2017,Servicios,21109,50.0,0.23742817797616222,1.0
2018,Servicios,21276,167.0,0.7911317447534261,1.0
2019,Servicios,22842,1566.0,7.360406091370564,1.0
2020,Servicios,23464,622.0,2.7230540232904277,1.0
2021,Servicios,23298,-166.0,-0.7074667575860838,1.0
2022,Servicios,23306,8.0,0.03433771139154107,1.0
2023,Servicios,23327,21.0,0.0901055522183114,1.0
2024,Servicios,25170,1843.0,7.900715908603773,1.0
2025,Servicios,25359,189.0,0.7508939213349164,1.0
2026,Servicios,25383,24.0,0.0946409558736594,1.0
