Año,Sentido,Posicion,Sector,Nombre_sector,Cambio_absoluto,Contribucion_pct
2015,Aumento,1,72,Alojamiento temporal y preparación de alimentos y bebidas,1162.0,58.98477157360406
2015,Aumento,2,81,Otros servicios excepto actividades gubernamentales,825.0,41.878172588832484
2015,Aumento,3,62,Servicios de salud y asistencia social,249.0,12.639593908629443
2015,Disminución,1,54,"Servicios profesionales, científicos y técnicos",-249.0,-12.639593908629443
2015,Disminución,2,48-49,"Transportes, correos y almacenamiento",-235.0,-11.928934010152284
2015,Disminución,3,56,Servicios de apoyo a los negocios y manejo de residuos,-39.0,-1.9796954314720812
2019,Aumento,1,81,Otros servicios excepto actividades gubernamentales,788.0,50.31928480204342
2019,Aumento,2,72,Alojamiento temporal y preparación de alimentos y bebidas,750.0,47.89272030651341
2019,Aumento,3,62,Servicios de salud y asistencia social,253.0,16.15581098339719
2019,Disminución,1,56,Servicios de apoyo a los negocios y manejo de residuos,-248.0,-15.836526181353769
2019,Disminución,2,52,Servicios financieros y de seguros,-65.0,-4.150702426564496
2019,Disminución,3,51,Información en medios masivos,-53.0,-3.3844189016602813
2021,Aumento,1,51,Información en medios masivos,2.0,-1.2048192771084338
2021,Aumento,2,48-49,"Transportes, correos y almacenamiento",1.0,-0.6024096385542169
2021,Disminución,1,72,Alojamiento temporal y preparación de alimentos y bebidas,-42.0,25.301204819277107
2021,Disminución,2,81,Otros servicios excepto actividades gubernamentales,-36.0,21.686746987951807
2021,Disminución,3,62,Servicios de salud y asistencia social,-34.0,20.481927710843372
2024,Aumento,1,81,Otros servicios excepto actividades gubernamentales,1116.0,60.55344546934346
2024,Aumento,2,72,Alojamiento temporal y preparación de alimentos y bebidas,498.0,27.02116115029843
2024,Aumento,3,62,Servicios de salud y asistencia social,424.0,23.00596852957135
2024,Disminución,1,56,Servicios de apoyo a los negocios y manejo de residuos,-131.0,-7.107976125881714
2024,Disminución,2,61,Servicios educativos,-64.0,-3.472599023331525
2024,Disminución,3,52,Servicios financieros y de seguros,-35.0,-1.8990775908844275
