Año,Sector,Sentido,Posicion,Unidad_homologada,Establecimientos,Cambio_absoluto,Años_intervalo,Codigos_SCIAN
2015,72,Aumento,1,FL06,3945,1983.0,2.0,722110 | 722219 | 722511 | 722512 | 722513 | 722514 | 722515 | 722519
2015,72,Aumento,2,UH0311,229,101.0,2.0,722412
2015,72,Aumento,3,UH0300,61,9.0,2.0,721111
2015,72,Aumento,4,UH0305,20,9.0,2.0,721311
2015,72,Aumento,5,UH0309,16,6.0,2.0,722320
2015,72,Disminución,1,FL07,1120,-851.0,2.0,722212 | 722517 | 722518
2015,72,Disminución,2,UH0307,53,-95.0,2.0,722211 | 722516
2015,72,Disminución,3,UH0310,12,-7.0,2.0,722411
2015,72,Disminución,4,UH0306,0,-2.0,2.0,721312
2015,81,Aumento,1,UH0335,406,186.0,2.0,811499
2015,81,Aumento,2,UH0336,1767,180.0,2.0,812110
2015,81,Aumento,3,UH0312,754,92.0,2.0,811111
2015,81,Aumento,4,UH0339,303,54.0,2.0,812210
2015,81,Aumento,5,UH0348,378,54.0,2.0,813210
2015,81,Disminución,1,UH0324,134,-35.0,2.0,811219
2015,81,Disminución,2,UH0323,137,-27.0,2.0,811211
2015,81,Disminución,3,UH0322,75,-16.0,2.0,811199
2015,81,Disminución,4,UH0344,29,-15.0,2.0,813110
2015,81,Disminución,5,UH0342,11,-5.0,2.0,812910
2015,62,Aumento,1,UH0221,1055,141.0,2.0,621211
2015,62,Aumento,2,FL04,990,41.0,2.0,621111 | 621113 | 621115
2015,62,Aumento,3,UH0225,100,21.0,2.0,621331
2015,62,Aumento,4,UH0230,77,20.0,2.0,621398
2015,62,Aumento,5,UH0229,36,14.0,2.0,621391
2015,62,Disminución,1,UH0251,5,-22.0,2.0,623992
2015,62,Disminución,2,UH0223,8,-15.0,2.0,621311
2015,62,Disminución,3,UH0244,13,-7.0,2.0,622311
2015,62,Disminución,4,UH0257,4,-6.0,2.0,624198
2015,62,Disminución,5,UH0239,0,-3.0,2.0,621991
2019,72,Aumento,1,FL06,4340,363.0,1.0,722110 | 722219 | 722511 | 722512 | 722513 | 722514 | 722515 | 722519
2019,72,Aumento,2,FL07,1329,201.0,1.0,722212 | 722517 | 722518
2019,72,Aumento,3,UH0307,210,150.0,1.0,722211 | 722516
2019,72,Aumento,4,UH0311,256,23.0,1.0,722412
2019,72,Aumento,5,UH0300,70,7.0,1.0,721111
2019,72,Disminución,1,UH0302,30,-10.0,1.0,721113
2019,72,Disminución,2,UH0303,2,-5.0,1.0,721190
2019,72,Disminución,3,UH0305,17,-1.0,1.0,721311
2019,81,Aumento,1,UH0336,2328,561.0,1.0,812110
2019,81,Aumento,2,UH0324,222,82.0,1.0,811219
2019,81,Aumento,3,UH0339,363,60.0,1.0,812210
2019,81,Aumento,4,UH0348,439,56.0,1.0,813210
2019,81,Aumento,5,UH0312,789,38.0,1.0,811111
2019,81,Disminución,1,UH0335,315,-87.0,1.0,811499
2019,81,Disminución,2,UH0323,110,-28.0,1.0,811211
2019,81,Disminución,3,UH0318,123,-26.0,1.0,811119
2019,81,Disminución,4,UH0331,108,-26.0,1.0,811430
2019,81,Disminución,5,UH0317,46,-10.0,1.0,811116
2019,62,Aumento,1,UH0221,1159,103.0,1.0,621211
2019,62,Aumento,2,UH0224,54,45.0,1.0,621320
2019,62,Aumento,3,UH0229,69,33.0,1.0,621391
2019,62,Aumento,4,UH0230,107,30.0,1.0,621398
2019,62,Aumento,5,UH0225,129,29.0,1.0,621331
2019,62,Disminución,1,FL04,990,-40.0,1.0,621111 | 621113 | 621115
2019,62,Disminución,2,UH0256,153,-19.0,1.0,624191
2019,62,Disminución,3,UH0267,28,-15.0,1.0,624412
2019,62,Disminución,4,UH0266,122,-12.0,1.0,624411
2019,62,Disminución,5,UH0242,13,-4.0,1.0,622112
2021,72,Aumento,1,UH0308,8,3.0,1.0,722310
2021,72,Aumento,2,UH0302,34,1.0,1.0,721113
2021,72,Disminución,1,FL06,4418,-25.0,1.0,722110 | 722219 | 722511 | 722512 | 722513 | 722514 | 722515 | 722519
2021,72,Disminución,2,FL07,1397,-19.0,1.0,722212 | 722517 | 722518
2021,72,Disminución,3,UH0300,70,-1.0,1.0,721111
2021,72,Disminución,4,UH0307,107,-1.0,1.0,722211 | 722516
2021,81,Aumento,1,UH0330,104,1.0,1.0,811420
2021,81,Aumento,2,UH0334,60,1.0,1.0,811493
2021,81,Disminución,1,UH0336,2336,-14.0,1.0,812110
2021,81,Disminución,2,UH0324,215,-5.0,1.0,811219
2021,81,Disminución,3,UH0312,795,-3.0,1.0,811111
2021,81,Disminución,4,UH0338,40,-3.0,1.0,812130
2021,81,Disminución,5,UH0341,185,-3.0,1.0,812410
2021,62,Aumento,1,UH0235,201,4.0,1.0,621511
2021,62,Aumento,2,UH0224,58,3.0,1.0,621320
2021,62,Aumento,3,UH0227,53,2.0,1.0,621341
2021,62,Aumento,4,UH0230,113,1.0,1.0,621398
2021,62,Aumento,5,UH0233,16,1.0,1.0,621421
2021,62,Disminución,1,UH0221,1170,-15.0,1.0,621211
2021,62,Disminución,2,FL04,1020,-14.0,1.0,621111 | 621113 | 621115
2021,62,Disminución,3,UH0225,129,-4.0,1.0,621331
2021,62,Disminución,4,UH0266,89,-4.0,1.0,624411
2021,62,Disminución,5,UH0223,20,-2.0,1.0,621311
2024,72,Aumento,1,FL06,5010,572.0,1.0,722110 | 722219 | 722511 | 722512 | 722513 | 722514 | 722515 | 722519
2024,72,Aumento,2,UH0307,197,90.0,1.0,722211 | 722516
2024,72,Aumento,3,UH0387,13,13.0,1.0,722330
2024,72,Aumento,4,UH0301,63,9.0,1.0,721112
2024,72,Aumento,5,UH0308,12,5.0,1.0,722310
2024,72,Disminución,1,FL07,1227,-166.0,1.0,722212 | 722517 | 722518
2024,72,Disminución,2,UH0300,54,-11.0,1.0,721111
2024,72,Disminución,3,UH0305,10,-6.0,1.0,721311
2024,72,Disminución,4,UH0310,11,-6.0,1.0,722411
2024,72,Disminución,5,UH0306,0,-2.0,1.0,721312
2024,81,Aumento,1,UH0336,3128,794.0,1.0,812110
2024,81,Aumento,2,UH0312,927,130.0,1.0,811111
2024,81,Aumento,3,UH0348,482,41.0,1.0,813210
2024,81,Aumento,4,UH0321,249,32.0,1.0,811192
2024,81,Aumento,5,UH0339,397,32.0,1.0,812210
2024,81,Disminución,1,UH0323,92,-18.0,1.0,811211
2024,81,Disminución,2,UH0344,30,-12.0,1.0,813110
2024,81,Disminución,3,UH0331,97,-11.0,1.0,811430
2024,81,Disminución,4,UH0349,104,-10.0,1.0,813230
2024,81,Disminución,5,UH0320,206,-9.0,1.0,811191
2024,62,Aumento,1,FL04,1147,134.0,1.0,621111 | 621113 | 621115
2024,62,Aumento,2,UH0221,1284,113.0,1.0,621211
2024,62,Aumento,3,UH0229,111,46.0,1.0,621391
2024,62,Aumento,4,UH0225,173,45.0,1.0,621331
2024,62,Aumento,5,UH0227,82,28.0,1.0,621341
2024,62,Disminución,1,UH0266,74,-14.0,1.0,624411
2024,62,Disminución,2,UH0230,103,-11.0,1.0,621398
2024,62,Disminución,3,UH0250,8,-5.0,1.0,623991
2024,62,Disminución,4,UH0267,20,-5.0,1.0,624412
2024,62,Disminución,5,UH0252,6,-4.0,1.0,624111
